,MAE
0,0.00018317951
1,0.0004995703
2,0.0004996802
3,0.0013753546
4,0.0017437481
5,0.0019412693
6,0.002653337
7,0.002862563
8,0.0032108636
9,0.0034773177
10,0.003506987
11,0.003683304
12,0.0036918526
13,0.003952905
14,0.0044920174
15,0.0046652392
16,0.0052283956
17,0.0054047196
18,0.005787366
19,0.0059718546
20,0.0059952205
21,0.0067974366
22,0.008240113
23,0.008448791
24,0.00846132
25,0.008863948
26,0.009934878
27,0.010483714
28,0.010791617
29,0.01182066
30,0.014840689
31,0.0150109
32,0.01652853
33,0.016608618
34,0.01675237
35,0.017566558
36,0.022647973
37,0.027855404
38,0.031682774
39,0.0379997
40,0.039374676
41,0.04019526
42,0.04065153
43,0.04197619
44,0.04576424
45,0.046049338
46,0.046251427
47,0.047690257
48,0.04800523
49,0.048074175
50,0.04836504
51,0.048865285
52,0.04959175
53,0.05035432
54,0.0506971
55,0.050708584
56,0.051772237
57,0.052161537
58,0.05231019
59,0.05232599
60,0.052704602
61,0.053050444
62,0.05311552
63,0.053520963
64,0.05377634
65,0.054366175
66,0.05438968
67,0.05501198
68,0.055054266
69,0.055271924
70,0.055699617
71,0.05619995
72,0.05692506
73,0.05694856
74,0.05695569
75,0.05721096
76,0.057418987
77,0.057944737
78,0.05798383
79,0.058112938
80,0.058196843
81,0.059416566
82,0.05945225
83,0.05980605
84,0.060618702
85,0.060629897
86,0.0613
87,0.06132681
88,0.061643954
89,0.061803658
90,0.06221853
91,0.06275195
92,0.062762626
93,0.06324379
94,0.06402333
95,0.06449
96,0.06457795
97,0.065028176
98,0.06545363
99,0.06627367
100,0.06641301
101,0.06680053
102,0.06714155
103,0.067608155
104,0.06862238
105,0.06879738
106,0.06908734
107,0.069234274
108,0.06932209
109,0.070189714
110,0.070242256
111,0.07045988
112,0.07066934
113,0.070710294
114,0.07086546
115,0.071207605
116,0.07175735
117,0.07211037
118,0.07214995
119,0.07227854
120,0.072391875
121,0.0726241
122,0.07345144
123,0.073501475
124,0.07373467
125,0.0743552
126,0.07471049
127,0.07484359
128,0.07571104
129,0.07590583
130,0.07681912
131,0.07890861
132,0.07906999
133,0.079591334
134,0.0800183
135,0.0826575
136,0.08274259
137,0.084183596
138,0.08446219
139,0.08520344
140,0.08600241
141,0.0860204
142,0.091911204
143,0.09203926
144,0.09475739
145,0.10565857
146,0.10703103
147,0.10786199
148,0.10869243
149,0.10869516
150,0.1087789
151,0.10894255
152,0.10989395
153,0.10995057
154,0.112335205
155,0.11243045
156,0.112595655
157,0.11266946
158,0.11267053
159,0.11288908
160,0.11304067
161,0.11309649
162,0.1131626
163,0.11351173
164,0.11464627
165,0.115531534
166,0.11557131
167,0.1156529
168,0.115992226
169,0.11633645
170,0.117074005
171,0.11713659
172,0.11802226
173,0.11812124
174,0.11833775
175,0.11835685
176,0.11888602
177,0.119397
178,0.119400784
179,0.119833685
180,0.12024099
181,0.12030084
182,0.120439336
183,0.12071262
184,0.12087337
185,0.121085405
186,0.12124856
187,0.12139877
188,0.1214925
189,0.12159329
190,0.12171927
191,0.1218576
192,0.122120105
193,0.12242338
194,0.12262819
195,0.12264301
196,0.1227247
197,0.12286958
198,0.12302303
199,0.12342931
200,0.12398074
201,0.12409212
202,0.12412958
203,0.12418207
204,0.12420506
205,0.12454431
206,0.12492085
207,0.12509212
208,0.12523867
209,0.1256358
210,0.12590751
211,0.12591657
212,0.12661843
213,0.12750326
214,0.12751126
215,0.1275846
216,0.12763727
217,0.1278526
218,0.12794463
219,0.12811022
220,0.12826066
221,0.12838064
222,0.12857313
223,0.12863135
224,0.12886958
225,0.12899907
226,0.1291261
227,0.12925662
228,0.12933108
229,0.12969606
230,0.13010684
231,0.13052219
232,0.13055354
233,0.13094096
234,0.13102409
235,0.13112178
236,0.13113278
237,0.1313983
238,0.13151658
239,0.1316422
240,0.131955
241,0.1319851
242,0.13211681
243,0.1325069
244,0.13269487
245,0.13310894
246,0.13314639
247,0.13318525
248,0.13321874
249,0.13336131
250,0.13365266
251,0.13399042
252,0.13418917
253,0.1342771
254,0.13445675
255,0.13476656
256,0.13476692
257,0.13494869
258,0.13503528
259,0.13534315
260,0.1354291
261,0.13568644
262,0.13588649
263,0.13598955
264,0.13620189
265,0.13652617
266,0.13660905
267,0.1368398
268,0.13691233
269,0.13696513
270,0.13746887
271,0.13750234
272,0.13762793
273,0.13808829
274,0.13867205
275,0.13875997
276,0.13958423
277,0.14085446
278,0.14085695
279,0.1419033
280,0.1433654
281,0.14363658
282,0.14459117
283,0.14603227
284,0.14686073
285,0.14695565
286,0.14725877
287,0.14760096
288,0.1496273
289,0.15001896
290,0.15051056
291,0.15308657
292,0.15393022
293,0.15396515
294,0.1581999
295,0.15864865
296,0.16155857
297,0.16519362
298,0.16638479
299,0.1664763
300,0.16684467
301,0.16952252
302,0.16968034
303,0.17015986
304,0.17121121
305,0.17160195
306,0.17166248
307,0.17207533
308,0.17213419
309,0.17219329
310,0.17219622
311,0.17231986
312,0.17249441
313,0.17260651
314,0.17269196
315,0.1729034
316,0.17307073
317,0.17324801
318,0.17373559
319,0.17379817
320,0.17385326
321,0.17392907
322,0.17430678
323,0.17453405
324,0.17463651
325,0.17469783
326,0.17484418
327,0.17485122
328,0.17494443
329,0.17508063
330,0.17512357
331,0.17516364
332,0.17524242
333,0.17554763
334,0.17576364
335,0.1758123
336,0.17615896
337,0.17627715
338,0.17635155
339,0.17637931
340,0.17649335
341,0.17649812
342,0.17673118
343,0.17676304
344,0.17704833
345,0.17711684
346,0.17714138
347,0.17715245
348,0.17732917
349,0.17735337
350,0.17745599
351,0.17748372
352,0.17750363
353,0.17755744
354,0.17774902
355,0.17780074
356,0.17780946
357,0.1782174
358,0.17829274
359,0.17830274
360,0.17831896
361,0.17847554
362,0.17862095
363,0.17863463
364,0.17880563
365,0.17889088
366,0.17902085
367,0.17902352
368,0.17931382
369,0.17934765
370,0.17958231
371,0.17977627
372,0.17981176
373,0.17984058
374,0.17990486
375,0.17990911
376,0.1799772
377,0.17998673
378,0.1800384
379,0.18014237
380,0.18015745
381,0.18016694
382,0.18029362
383,0.18029837
384,0.18053015
385,0.18072587
386,0.18097243
387,0.18102713
388,0.18120468
389,0.18128651
390,0.1812872
391,0.18151984
392,0.18167788
393,0.18168713
394,0.18180716
395,0.18192665
396,0.18193617
397,0.18209311
398,0.18219492
399,0.18223701
400,0.18231905
401,0.1823621
402,0.18247287
403,0.18255205
404,0.1826724
405,0.18281934
406,0.18282883
407,0.18299092
408,0.18303514
409,0.18307447
410,0.18308581
411,0.18309553
412,0.18311647
413,0.18314205
414,0.18322828
415,0.18334377
416,0.18334536
417,0.18344334
418,0.1834711
419,0.18364829
420,0.18367866
421,0.1837686
422,0.18385577
423,0.183894
424,0.18393639
425,0.18394881
426,0.18396944
427,0.18412912
428,0.1841825
429,0.18425047
430,0.18431008
431,0.18436792
432,0.1844975
433,0.1845111
434,0.18466161
435,0.1846764
436,0.18473616
437,0.18483537
438,0.1848383
439,0.18484293
440,0.18487662
441,0.18492611
442,0.18509994
443,0.185166
444,0.18516718
445,0.1851979
446,0.18523891
447,0.18537217
448,0.1856446
449,0.18568608
450,0.185901
451,0.1860448
452,0.18608715
453,0.18612853
454,0.18627383
455,0.18651037
456,0.18655987
457,0.18659158
458,0.1866716
459,0.1867843
460,0.18688522
461,0.18692765
462,0.18697649
463,0.18712722
464,0.18716346
465,0.1871831
466,0.18731466
467,0.18733498
468,0.18744
469,0.18752608
470,0.18758531
471,0.18763514
472,0.18763837
473,0.18771061
474,0.1877425
475,0.18774265
476,0.18781647
477,0.18790694
478,0.1880312
479,0.18810892
480,0.18824725
481,0.18828036
482,0.18831415
483,0.18852729
484,0.18855822
485,0.18858126
486,0.18859875
487,0.18865098
488,0.18884979
489,0.18885729
490,0.18886267
491,0.18890887
492,0.18896481
493,0.18898436
494,0.18905379
495,0.18916303
496,0.18920642
497,0.18934502
498,0.18943794
499,0.189456
500,0.18951704
501,0.18952759
502,0.18959351
503,0.18960525
504,0.18963458
505,0.18965217
506,0.18980166
507,0.18985933
508,0.18986128
509,0.18986897
510,0.18987513
511,0.18992144
512,0.18998893
513,0.19010931
514,0.19011594
515,0.19017553
516,0.19018637
517,0.19020042
518,0.19020152
519,0.19025691
520,0.19029419
521,0.1903663
522,0.19072315
523,0.19100517
524,0.19105822
525,0.19108295
526,0.19113672
527,0.19123356
528,0.19127151
529,0.191342
530,0.19136032
531,0.19139123
532,0.1914822
533,0.19149089
534,0.19151905
535,0.1915609
536,0.1916187
537,0.1917232
538,0.19177291
539,0.19179465
540,0.1918329
541,0.19186799
542,0.1918849
543,0.19192734
544,0.1919367
545,0.19197504
546,0.19201285
547,0.19203222
548,0.19203526
549,0.19203681
550,0.19211714
551,0.19212934
552,0.19228534
553,0.19230425
554,0.19231705
555,0.19238947
556,0.19246987
557,0.19260173
558,0.1926457
559,0.19278811
560,0.1929611
561,0.19307145
562,0.19317394
563,0.19330516
564,0.19332702
565,0.19334859
566,0.19347112
567,0.19353831
568,0.19355795
569,0.19358388
570,0.19361717
571,0.1936997
572,0.19370562
573,0.19374786
574,0.19388348
575,0.193949
576,0.19403733
577,0.19404109
578,0.19417
579,0.19420817
580,0.19432889
581,0.1943853
582,0.19444916
583,0.19446361
584,0.19446367
585,0.19459179
586,0.19463979
587,0.19469735
588,0.19483268
589,0.19486545
590,0.19488432
591,0.19489992
592,0.19493905
593,0.1952924
594,0.19539751
595,0.19541289
596,0.19543323
597,0.19545816
598,0.19550878
599,0.19555384
600,0.19574109
601,0.19586292
602,0.19587292
603,0.19596061
604,0.19600032
605,0.19604144
606,0.1960955
607,0.19611418
608,0.19615608
609,0.19622004
610,0.19632687
611,0.19637059
612,0.19639127
613,0.19644453
614,0.19650435
615,0.19655165
616,0.19656864
617,0.19659999
618,0.1966019
619,0.1968962
620,0.19690236
621,0.19710591
622,0.19713707
623,0.197179
624,0.19725637
625,0.19733317
626,0.1973469
627,0.19736026
628,0.19737808
629,0.1974048
630,0.19740811
631,0.197415
632,0.19760151
633,0.19766334
634,0.1977325
635,0.19774824
636,0.1980523
637,0.19816115
638,0.19841406
639,0.19849125
640,0.1986235
641,0.19881241
642,0.19893944
643,0.19895586
644,0.19914916
645,0.19928402
646,0.19962788
647,0.19964704
648,0.19969262
649,0.19972236
650,0.19980006
651,0.20003387
652,0.20008852
653,0.2002478
654,0.20039126
655,0.20042267
656,0.20063338
657,0.20069249
658,0.2007101
659,0.20083329
660,0.20086913
661,0.20087135
662,0.20091352
663,0.2010281
664,0.20115523
665,0.20127232
666,0.2017928
667,0.20195425
668,0.20198226
669,0.20228988
670,0.20236681
671,0.20240526
672,0.20304073
673,0.2030451
674,0.20306388
675,0.20344232
676,0.20356843
677,0.20358025
678,0.20359467
679,0.20413749
680,0.20414174
681,0.20428868
682,0.20446877
683,0.20505545
684,0.20568566
685,0.20578551
686,0.20620246
687,0.20626822
688,0.20631267
689,0.20677586
690,0.20694554
691,0.207023
692,0.20709062
693,0.2072583
694,0.20738064
695,0.2075345
696,0.20786248
697,0.20789337
698,0.20816942
699,0.20857458
700,0.20867863
701,0.2088548
702,0.21290931
703,0.2130312
704,0.21316278
705,0.21385206
706,0.2140768
707,0.21445407
708,0.21474323
709,0.214827
710,0.21549806
711,0.21555425
712,0.21582869
713,0.22066344
714,0.22182956
715,0.2233392
716,0.223891
717,0.22463046
718,0.22563612
719,0.22593172
720,0.22600695
721,0.22653566
722,0.22658263
723,0.2270741
724,0.22713113
725,0.22739121
726,0.22779128
727,0.2280054
728,0.2280994
729,0.22811626
730,0.2287036
731,0.22903188
732,0.22906438
733,0.2292772
734,0.22943884
735,0.22967365
736,0.2299015
737,0.23017246
738,0.23041452
739,0.23054278
740,0.2310127
741,0.23102969
742,0.23109217
743,0.23121595
744,0.23153579
745,0.23175386
746,0.23180658
747,0.2320417
748,0.23205803
749,0.23221147
750,0.23241463
751,0.23248169
752,0.23249933
753,0.23262154
754,0.232717
755,0.23278117
756,0.2328594
757,0.23299098
758,0.23302981
759,0.23312311
760,0.23320504
761,0.23325057
762,0.23340589
763,0.23340926
764,0.23358035
765,0.23359022
766,0.23367062
767,0.23367321
768,0.23372155
769,0.23378374
770,0.23379026
771,0.23379558
772,0.23385088
773,0.23387338
774,0.23415463
775,0.23427208
776,0.23441483
777,0.23445286
778,0.23455791
779,0.23459199
780,0.23464483
781,0.23483734
782,0.23484896
783,0.23486893
784,0.23492527
785,0.23504455
786,0.23504634
787,0.23518252
788,0.23519386
789,0.2352201
790,0.23527873
791,0.23528127
792,0.23529083
793,0.23537502
794,0.23546919
795,0.23548423
796,0.23558208
797,0.23564
798,0.2356744
799,0.23569776
800,0.23569994
801,0.23572573
802,0.23573357
803,0.23579194
804,0.23585722
805,0.23586985
806,0.23588479
807,0.23590001
808,0.23591869
809,0.23604327
810,0.23604776
811,0.23607789
812,0.23609239
813,0.23618434
814,0.23621152
815,0.23624164
816,0.23624663
817,0.23633333
818,0.23635876
819,0.23641244
820,0.23655015
821,0.23655751
822,0.2366378
823,0.23674539
824,0.23674887
825,0.23683341
826,0.23683356
827,0.23685777
828,0.23687266
829,0.23687544
830,0.23687658
831,0.23689874
832,0.2369511
833,0.23697172
834,0.2370029
835,0.23700681
836,0.23702253
837,0.23710693
838,0.23723902
839,0.23725083
840,0.23730296
841,0.2373231
842,0.23734453
843,0.23736347
844,0.23746295
845,0.23750952
846,0.23757745
847,0.23757966
848,0.23758556
849,0.23761111
850,0.23762253
851,0.2376324
852,0.23765272
853,0.2377327
854,0.23774123
855,0.23779906
856,0.23782323
857,0.2378646
858,0.23788309
859,0.23795047
860,0.2379733
861,0.23800965
862,0.23804778
863,0.23806308
864,0.23807314
865,0.23813762
866,0.23815389
867,0.23817492
868,0.23818897
869,0.2382069
870,0.23823048
871,0.23828906
872,0.23832706
873,0.23844805
874,0.23846959
875,0.23847485
876,0.23850067
877,0.23853348
878,0.2385811
879,0.23858684
880,0.2385922
881,0.2385984
882,0.23861994
883,0.23863837
884,0.23879312
885,0.23880465
886,0.23892392
887,0.23898458
888,0.23903881
889,0.23909728
890,0.2391107
891,0.23928995
892,0.23929463
893,0.23930767
894,0.23932602
895,0.23936978
896,0.23937947
897,0.2394362
898,0.23945281
899,0.23945385
900,0.23945777
901,0.23949252
902,0.23949566
903,0.23950411
904,0.2395042
905,0.23955901
906,0.23958722
907,0.23963192
908,0.23973498
909,0.23973747
910,0.23977673
911,0.23979165
912,0.23981518
913,0.23984289
914,0.2399347
915,0.23996535
916,0.24000745
917,0.2400293
918,0.2401723
919,0.24018176
920,0.2401891
921,0.24025935
922,0.24026611
923,0.24028088
924,0.24028876
925,0.24032483
926,0.24035038
927,0.2403775
928,0.24039795
929,0.2404305
930,0.2404863
931,0.24050516
932,0.24052319
933,0.24052711
934,0.24062496
935,0.24064702
936,0.24073145
937,0.24073933
938,0.24076559
939,0.24080399
940,0.24081115
941,0.24086538
942,0.24099784
943,0.24100593
944,0.24102014
945,0.24112323
946,0.24113116
947,0.24113184
948,0.24116397
949,0.24117883
950,0.2411856
951,0.24123219
952,0.24125311
953,0.24127647
954,0.24132828
955,0.2413312
956,0.24133477
957,0.24134733
958,0.2413592
959,0.24135984
960,0.24136095
961,0.24138531
962,0.24144496
963,0.24145965
964,0.24146451
965,0.24150229
966,0.24152902
967,0.24156797
968,0.2415742
969,0.24158475
970,0.24162318
971,0.24164164
972,0.2416516
973,0.24165672
974,0.24171783
975,0.24173033
976,0.24177355
977,0.24179174
978,0.24179547
979,0.24180381
980,0.24182044
981,0.24184375
982,0.2418536
983,0.24188748
984,0.2418986
985,0.24190941
986,0.24193133
987,0.24196906
988,0.24197946
989,0.24199167
990,0.24203159
991,0.2420353
992,0.24203862
993,0.24204387
994,0.24210925
995,0.24217027
996,0.24222535
997,0.2422722
998,0.2422882
999,0.24229714
1000,0.24230988
1001,0.2423292
1002,0.24234162
1003,0.2423496
1004,0.24235106
1005,0.2423727
1006,0.24240977
1007,0.24241236
1008,0.24245746
1009,0.24247581
1010,0.24251418
1011,0.242543
1012,0.24256045
1013,0.24257952
1014,0.24260356
1015,0.24263683
1016,0.24264143
1017,0.24264795
1018,0.24266404
1019,0.2426724
1020,0.24268532
1021,0.2427021
1022,0.2427296
1023,0.24274889
1024,0.24276774
1025,0.24277622
1026,0.24278978
1027,0.24281193
1028,0.24281397
1029,0.24283402
1030,0.24286321
1031,0.24289913
1032,0.24294983
1033,0.2429843
1034,0.24305306
1035,0.2430723
1036,0.2430882
1037,0.24311818
1038,0.24313404
1039,0.24314502
1040,0.24316213
1041,0.24316655
1042,0.2431859
1043,0.24319147
1044,0.24328783
1045,0.2433026
1046,0.2433033
1047,0.24331747
1048,0.2433435
1049,0.2433612
1050,0.24336775
1051,0.24337569
1052,0.2433776
1053,0.24338776
1054,0.24344099
1055,0.24344592
1056,0.24347325
1057,0.2434787
1058,0.24351363
1059,0.24351537
1060,0.24352922
1061,0.24353324
1062,0.24356294
1063,0.24361049
1064,0.24367918
1065,0.24371855
1066,0.24376854
1067,0.24377525
1068,0.2438131
1069,0.2438238
1070,0.24386257
1071,0.24386343
1072,0.24389417
1073,0.24392787
1074,0.24393721
1075,0.24394825
1076,0.24398941
1077,0.2440223
1078,0.24404354
1079,0.24405831
1080,0.24405968
1081,0.2440755
1082,0.24408436
1083,0.24408469
1084,0.24409002
1085,0.2441026
1086,0.24411315
1087,0.2441391
1088,0.24416366
1089,0.24416652
1090,0.24418467
1091,0.24418633
1092,0.24421737
1093,0.24422085
1094,0.24422841
1095,0.24423553
1096,0.24425729
1097,0.24427128
1098,0.24431734
1099,0.244355
1100,0.24437156
1101,0.24438207
1102,0.24439707
1103,0.24441195
1104,0.24446712
1105,0.24448735
1106,0.24451062
1107,0.2445107
1108,0.24452952
1109,0.24453005
1110,0.24453475
1111,0.24456823
1112,0.24458103
1113,0.24461159
1114,0.24464889
1115,0.2446501
1116,0.2446665
1117,0.2446714
1118,0.24469467
1119,0.24471046
1120,0.24475041
1121,0.24477457
1122,0.24478847
1123,0.24479207
1124,0.24479847
1125,0.24481393
1126,0.24483973
1127,0.24486288
1128,0.24487041
1129,0.24488476
1130,0.24489772
1131,0.24490088
1132,0.2449045
1133,0.24490643
1134,0.24491116
1135,0.24491781
1136,0.24493082
1137,0.24498914
1138,0.2449985
1139,0.24500224
1140,0.24503946
1141,0.24504271
1142,0.24504934
1143,0.24509524
1144,0.2451093
1145,0.24511842
1146,0.24513385
1147,0.24517126
1148,0.24520819
1149,0.24528895
1150,0.2452971
1151,0.24530667
1152,0.24531679
1153,0.2453441
1154,0.24534774
1155,0.24536227
1156,0.24537544
1157,0.2453931
1158,0.24541788
1159,0.24541956
1160,0.24542466
1161,0.24542633
1162,0.24545065
1163,0.24546593
1164,0.24547394
1165,0.24548955
1166,0.24552566
1167,0.24555393
1168,0.24556808
1169,0.24558403
1170,0.24559933
1171,0.24562916
1172,0.245633
1173,0.24564767
1174,0.24564868
1175,0.24566993
1176,0.24569164
1177,0.2457052
1178,0.24571761
1179,0.24571863
1180,0.24573945
1181,0.24574488
1182,0.24574777
1183,0.24576314
1184,0.24577463
1185,0.24581234
1186,0.24581616
1187,0.24583386
1188,0.24585491
1189,0.2458601
1190,0.2458649
1191,0.24589443
1192,0.24589822
1193,0.24592488
1194,0.24592532
1195,0.24593246
1196,0.24594176
1197,0.24594401
1198,0.24595952
1199,0.24596378
1200,0.2459775
1201,0.24598916
1202,0.24599014
1203,0.24600463
1204,0.24601477
1205,0.24601977
1206,0.24603058
1207,0.24611478
1208,0.24611764
1209,0.2461251
1210,0.24613498
1211,0.24618345
1212,0.24618551
1213,0.24618845
1214,0.24621284
1215,0.24623752
1216,0.24626845
1217,0.24626946
1218,0.24629125
1219,0.24631372
1220,0.24632631
1221,0.24634063
1222,0.2463521
1223,0.246367
1224,0.2463705
1225,0.24639717
1226,0.24640924
1227,0.24641974
1228,0.24642025
1229,0.2464204
1230,0.24644104
1231,0.24646525
1232,0.24647635
1233,0.24650289
1234,0.2465051
1235,0.24651924
1236,0.2465425
1237,0.24655016
1238,0.24655162
1239,0.24655773
1240,0.24656999
1241,0.24657409
1242,0.24658872
1243,0.24659294
1244,0.24662617
1245,0.24664693
1246,0.24666014
1247,0.24667978
1248,0.2466933
1249,0.24669498
1250,0.24671695
1251,0.24674667
1252,0.24676788
1253,0.24676856
1254,0.24680272
1255,0.24682374
1256,0.2468241
1257,0.24684341
1258,0.24686845
1259,0.24687059
1260,0.24687453
1261,0.24687959
1262,0.24689518
1263,0.24690755
1264,0.24694005
1265,0.24694028
1266,0.24695802
1267,0.24701777
1268,0.24701959
1269,0.24702266
1270,0.24702458
1271,0.24702713
1272,0.24705952
1273,0.24707593
1274,0.24709576
1275,0.24710763
1276,0.24710953
1277,0.24714252
1278,0.2471759
1279,0.24722396
1280,0.24722606
1281,0.24724495
1282,0.24726665
1283,0.24726799
1284,0.24726984
1285,0.24727897
1286,0.24728444
1287,0.24729536
1288,0.24729672
1289,0.24730952
1290,0.247317
1291,0.24731855
1292,0.24733233
1293,0.24738869
1294,0.24739592
1295,0.24743837
1296,0.24744312
1297,0.24744326
1298,0.2474808
1299,0.24748962
1300,0.24750835
1301,0.24751401
1302,0.2475449
1303,0.24755526
1304,0.2475633
1305,0.24756907
1306,0.24758208
1307,0.24758801
1308,0.24758852
1309,0.24760407
1310,0.2476066
1311,0.24763955
1312,0.24765956
1313,0.24766256
1314,0.24766724
1315,0.24767746
1316,0.24769057
1317,0.24769369
1318,0.24769485
1319,0.24770425
1320,0.24774972
1321,0.24775125
1322,0.24777716
1323,0.24778956
1324,0.2478067
1325,0.24780877
1326,0.24781452
1327,0.24782667
1328,0.24785382
1329,0.24785398
1330,0.24785979
1331,0.24786377
1332,0.24786723
1333,0.24788791
1334,0.24789405
1335,0.24794908
1336,0.24795109
1337,0.24797185
1338,0.24798717
1339,0.24799924
1340,0.24800031
1341,0.24805197
1342,0.24807015
1343,0.24808687
1344,0.24811849
1345,0.24812967
1346,0.24814063
1347,0.24814914
1348,0.24817215
1349,0.24819893
1350,0.24820904
1351,0.2482283
1352,0.24826843
1353,0.24827754
1354,0.24833478
1355,0.24834916
1356,0.24836174
1357,0.24836193
1358,0.24840035
1359,0.24842602
1360,0.24843086
1361,0.24843615
1362,0.24844706
1363,0.24845815
1364,0.24848521
1365,0.2484875
1366,0.24855691
1367,0.24856251
1368,0.2485738
1369,0.24858354
1370,0.24860016
1371,0.24860331
1372,0.248609
1373,0.24862565
1374,0.24864988
1375,0.2486518
1376,0.24866383
1377,0.24869454
1378,0.24870174
1379,0.24870238
1380,0.24871136
1381,0.24873076
1382,0.24875326
1383,0.24876785
1384,0.24877822
1385,0.24879043
1386,0.24879088
1387,0.24880606
1388,0.24881396
1389,0.2488196
1390,0.24882072
1391,0.24882296
1392,0.2488313
1393,0.24883418
1394,0.24884473
1395,0.24885671
1396,0.248888
1397,0.24891263
1398,0.24893774
1399,0.24896808
1400,0.2489785
1401,0.24900347
1402,0.24901824
1403,0.24902648
1404,0.24903728
1405,0.24904718
1406,0.24904944
1407,0.24905387
1408,0.24905472
1409,0.249055
1410,0.24907324
1411,0.24908382
1412,0.2490878
1413,0.24909343
1414,0.2491029
1415,0.2491034
1416,0.24911204
1417,0.24912839
1418,0.24915218
1419,0.2491543
1420,0.24917632
1421,0.24919842
1422,0.24920106
1423,0.24920388
1424,0.24921612
1425,0.2492238
1426,0.24923512
1427,0.24925095
1428,0.24926315
1429,0.24927254
1430,0.24928814
1431,0.24929957
1432,0.24937788
1433,0.24939741
1434,0.24940236
1435,0.24940598
1436,0.24941847
1437,0.24943033
1438,0.2494366
1439,0.24944612
1440,0.24944666
1441,0.24945211
1442,0.24945658
1443,0.24948247
1444,0.24949312
1445,0.24951538
1446,0.24951819
1447,0.24954985
1448,0.24955164
1449,0.2495717
1450,0.2495914
1451,0.24959373
1452,0.24960624
1453,0.24960826
1454,0.2496214
1455,0.24962677
1456,0.2496335
1457,0.24964577
1458,0.24964799
1459,0.2496634
1460,0.24966569
1461,0.24967158
1462,0.2496765
1463,0.24968052
1464,0.24969177
1465,0.24969853
1466,0.24970211
1467,0.24971853
1468,0.24972303
1469,0.24973273
1470,0.24973322
1471,0.2497432
1472,0.2498067
1473,0.24981464
1474,0.2498227
1475,0.24984145
1476,0.24986447
1477,0.24988139
1478,0.24988262
1479,0.24990772
1480,0.24991995
1481,0.24992491
1482,0.24993221
1483,0.2499518
1484,0.2499586
1485,0.24997804
1486,0.25001472
1487,0.25003448
1488,0.25005305
1489,0.2500606
1490,0.25009856
1491,0.2501135
1492,0.2501471
1493,0.25017774
1494,0.25018102
1495,0.2501873
1496,0.25019255
1497,0.2502186
1498,0.2502188
1499,0.25021893
1500,0.25022134
1501,0.2502253
1502,0.25022915
1503,0.25023082
1504,0.2502384
1505,0.25026426
1506,0.25026774
1507,0.25026897
1508,0.2502697
1509,0.2503091
1510,0.2503178
1511,0.2503586
1512,0.2503654
1513,0.25038028
1514,0.25039545
1515,0.25039622
1516,0.25042668
1517,0.25043118
1518,0.25044054
1519,0.25049108
1520,0.2505187
1521,0.25052068
1522,0.25052544
1523,0.25053665
1524,0.25055417
1525,0.2505595
1526,0.25057316
1527,0.2505744
1528,0.2505989
1529,0.250603
1530,0.2506054
1531,0.25061625
1532,0.25062084
1533,0.25062507
1534,0.2506253
1535,0.25063893
1536,0.2506396
1537,0.2506624
1538,0.2506782
1539,0.25068477
1540,0.25069204
1541,0.25070414
1542,0.2507123
1543,0.25071257
1544,0.2507499
1545,0.25075588
1546,0.25076064
1547,0.2507694
1548,0.25077206
1549,0.25080258
1550,0.2508279
1551,0.25089243
1552,0.250935
1553,0.2509366
1554,0.25094107
1555,0.25094235
1556,0.25096732
1557,0.2509984
1558,0.25102752
1559,0.25103754
1560,0.25104725
1561,0.25105196
1562,0.25107294
1563,0.2510865
1564,0.25113896
1565,0.25115684
1566,0.25117767
1567,0.25122032
1568,0.25123018
1569,0.25123423
1570,0.25124526
1571,0.2512484
1572,0.25125402
1573,0.25125825
1574,0.25128114
1575,0.25128463
1576,0.25129583
1577,0.25129646
1578,0.25130615
1579,0.25131187
1580,0.25131437
1581,0.25131842
1582,0.25132084
1583,0.25132206
1584,0.25132835
1585,0.25135228
1586,0.25136232
1587,0.2513672
1588,0.25138128
1589,0.25138506
1590,0.25140485
1591,0.251445
1592,0.2514468
1593,0.25144804
1594,0.25145024
1595,0.2514563
1596,0.25145796
1597,0.25145796
1598,0.25147057
1599,0.25147206
1600,0.2514778
1601,0.2514811
1602,0.251487
1603,0.25148913
1604,0.2515065
1605,0.2515385
1606,0.25154513
1607,0.2515686
1608,0.2515978
1609,0.25164744
1610,0.25164828
1611,0.25166497
1612,0.25167835
1613,0.25168183
1614,0.25168777
1615,0.25169513
1616,0.25171185
1617,0.25172287
1618,0.25173196
1619,0.25173634
1620,0.25174698
1621,0.25178385
1622,0.25179648
1623,0.2517972
1624,0.2518106
1625,0.2518124
1626,0.25182697
1627,0.25184262
1628,0.2518429
1629,0.25186497
1630,0.25187242
1631,0.25188288
1632,0.2518869
1633,0.2519061
1634,0.2519161
1635,0.2519274
1636,0.2519302
1637,0.25193337
1638,0.25194153
1639,0.25196046
1640,0.25196436
1641,0.25200707
1642,0.25204656
1643,0.25204763
1644,0.2520573
1645,0.25206745
1646,0.2520728
1647,0.25208697
1648,0.25209352
1649,0.25209868
1650,0.25210035
1651,0.25211266
1652,0.25212383
1653,0.25213492
1654,0.25214982
1655,0.25216037
1656,0.25217542
1657,0.2521855
1658,0.25218698
1659,0.2522371
1660,0.25224105
1661,0.25225127
1662,0.25226152
1663,0.25226504
1664,0.25226784
1665,0.252269
1666,0.25228754
1667,0.25229383
1668,0.25229746
1669,0.25230947
1670,0.25231415
1671,0.25232795
1672,0.25234038
1673,0.25235173
1674,0.2523975
1675,0.25243363
1676,0.25244215
1677,0.25245214
1678,0.25246835
1679,0.25246873
1680,0.2525145
1681,0.25255033
1682,0.2525785
1683,0.25258487
1684,0.25259563
1685,0.25259632
1686,0.252616
1687,0.2526257
1688,0.25263873
1689,0.2526402
1690,0.2526509
1691,0.25265434
1692,0.25266677
1693,0.25270435
1694,0.25271136
1695,0.25271988
1696,0.25274074
1697,0.25275162
1698,0.25277865
1699,0.25281265
1700,0.2528257
1701,0.25282824
1702,0.25283363
1703,0.25284374
1704,0.2528606
1705,0.252863
1706,0.25288343
1707,0.25288555
1708,0.25293088
1709,0.25293398
1710,0.25293782
1711,0.2529665
1712,0.2529693
1713,0.25297496
1714,0.25298357
1715,0.25302818
1716,0.2530434
1717,0.25304946
1718,0.25305718
1719,0.25310493
1720,0.2531098
1721,0.25312653
1722,0.25312784
1723,0.25313142
1724,0.253134
1725,0.25316578
1726,0.25317335
1727,0.25321764
1728,0.25322396
1729,0.25322613
1730,0.2532265
1731,0.2532312
1732,0.25324303
1733,0.2532469
1734,0.25325283
1735,0.25325766
1736,0.2532646
1737,0.25328472
1738,0.2532912
1739,0.2533071
1740,0.25330862
1741,0.25333777
1742,0.2533387
1743,0.2533612
1744,0.25336963
1745,0.2533812
1746,0.25338826
1747,0.25339988
1748,0.2534016
1749,0.25340408
1750,0.25340468
1751,0.2534071
1752,0.2534117
1753,0.2534151
1754,0.25341862
1755,0.2534332
1756,0.25344148
1757,0.25347394
1758,0.25347614
1759,0.2534903
1760,0.2535108
1761,0.25351715
1762,0.25352734
1763,0.25353745
1764,0.2535483
1765,0.25355205
1766,0.25355896
1767,0.25362074
1768,0.2536544
1769,0.25365877
1770,0.25366136
1771,0.25368768
1772,0.25369066
1773,0.253697
1774,0.25369906
1775,0.25371602
1776,0.25371706
1777,0.25371826
1778,0.2537224
1779,0.25373915
1780,0.25376225
1781,0.25377345
1782,0.25378394
1783,0.25378636
1784,0.25379592
1785,0.2538102
1786,0.25381774
1787,0.25382406
1788,0.25383618
1789,0.25386867
1790,0.25387874
1791,0.2538802
1792,0.25389856
1793,0.2539305
1794,0.25394028
1795,0.25394672
1796,0.2539572
1797,0.25397024
1798,0.25397652
1799,0.25398743
1800,0.25398794
1801,0.25399414
1802,0.25399628
1803,0.25400117
1804,0.25400326
1805,0.25402474
1806,0.25403914
1807,0.2540471
1808,0.25405765
1809,0.25407416
1810,0.254104
1811,0.2541133
1812,0.25412285
1813,0.2541242
1814,0.25414354
1815,0.25414526
1816,0.2541657
1817,0.25417137
1818,0.25417507
1819,0.25417802
1820,0.2542243
1821,0.2542365
1822,0.25424117
1823,0.25425288
1824,0.25425428
1825,0.25425866
1826,0.254261
1827,0.25427032
1828,0.2542778
1829,0.25428864
1830,0.25430262
1831,0.25430757
1832,0.25433278
1833,0.25439018
1834,0.25441876
1835,0.25443202
1836,0.25444844
1837,0.2544495
1838,0.25445265
1839,0.25447503
1840,0.25448117
1841,0.25453338
1842,0.2545337
1843,0.25456235
1844,0.25459298
1845,0.25459406
1846,0.25459692
1847,0.2545982
1848,0.25461423
1849,0.25461426
1850,0.25461906
1851,0.25463828
1852,0.25469378
1853,0.25469536
1854,0.2546973
1855,0.254704
1856,0.2547277
1857,0.254739
1858,0.25475258
1859,0.2547552
1860,0.25475693
1861,0.25476837
1862,0.2547807
1863,0.2547939
1864,0.2547947
1865,0.25480902
1866,0.25482213
1867,0.25483084
1868,0.25483856
1869,0.25484082
1870,0.25484908
1871,0.25484952
1872,0.25486305
1873,0.25488037
1874,0.25489077
1875,0.25489417
1876,0.2549089
1877,0.25493014
1878,0.2549358
1879,0.25495148
1880,0.25496173
1881,0.25496486
1882,0.25496536
1883,0.2549693
1884,0.25497353
1885,0.2549792
1886,0.25499782
1887,0.2550014
1888,0.25500256
1889,0.2550339
1890,0.25503507
1891,0.2550466
1892,0.25505087
1893,0.25505352
1894,0.25505713
1895,0.25505856
1896,0.2550733
1897,0.25508228
1898,0.2550883
1899,0.25510153
1900,0.25510564
1901,0.2551103
1902,0.25511143
1903,0.2551185
1904,0.25514024
1905,0.2551444
1906,0.25514615
1907,0.25515822
1908,0.2551609
1909,0.25517857
1910,0.25518486
1911,0.25519767
1912,0.25522733
1913,0.25525314
1914,0.25527993
1915,0.25528154
1916,0.25529316
1917,0.25530598
1918,0.2553143
1919,0.25535014
1920,0.25536445
1921,0.25537497
1922,0.25538218
1923,0.2553894
1924,0.25538996
1925,0.255417
1926,0.25542194
1927,0.2554913
1928,0.25549328
1929,0.25549954
1930,0.25550163
1931,0.2555112
1932,0.255518
1933,0.25553185
1934,0.25555688
1935,0.2555609
1936,0.2555673
1937,0.25556916
1938,0.25559065
1939,0.2555987
1940,0.25559923
1941,0.25560775
1942,0.25561693
1943,0.25562486
1944,0.2556337
1945,0.25566283
1946,0.25566977
1947,0.25568125
1948,0.25568888
1949,0.255702
1950,0.25573158
1951,0.25573543
1952,0.25575
1953,0.25575757
1954,0.2557698
1955,0.2557814
1956,0.25580612
1957,0.25582013
1958,0.25583532
1959,0.25583842
1960,0.25583878
1961,0.255855
1962,0.25587183
1963,0.25590557
1964,0.25590754
1965,0.25591168
1966,0.2559303
1967,0.2559499
1968,0.25595132
1969,0.25595304
1970,0.25597328
1971,0.25599685
1972,0.2560009
1973,0.25600728
1974,0.2560102
1975,0.25602767
1976,0.2560376
1977,0.25604203
1978,0.25605118
1979,0.2560574
1980,0.25606078
1981,0.25606126
1982,0.25607198
1983,0.25607568
1984,0.25608015
1985,0.25609115
1986,0.2560986
1987,0.25611272
1988,0.25614202
1989,0.25615034
1990,0.25616342
1991,0.2561716
1992,0.25617382
1993,0.2561773
1994,0.25617737
1995,0.25618616
1996,0.25619063
1997,0.2561929
1998,0.2562291
1999,0.25624943
2000,0.25624967
2001,0.2562668
2002,0.2562807
2003,0.25628173
2004,0.2562889
2005,0.25628975
2006,0.2562901
2007,0.25629798
2008,0.25631475
2009,0.25631943
2010,0.25633195
2011,0.25635016
2012,0.25635597
2013,0.2563619
2014,0.25636193
2015,0.25637794
2016,0.25639117
2017,0.25642687
2018,0.2564346
2019,0.2564368
2020,0.2564439
2021,0.25649866
2022,0.25651476
2023,0.2565195
2024,0.2565209
2025,0.25653255
2026,0.25653443
2027,0.25653806
2028,0.25659505
2029,0.2566055
2030,0.25660723
2031,0.2566231
2032,0.25663966
2033,0.25666615
2034,0.25666755
2035,0.25667766
2036,0.25667927
2037,0.25672236
2038,0.25673315
2039,0.25675198
2040,0.25675398
2041,0.25675482
2042,0.25676748
2043,0.2567694
2044,0.25677115
2045,0.25677404
2046,0.25678658
2047,0.25678927
2048,0.25682598
2049,0.25683224
2050,0.25684184
2051,0.25684252
2052,0.25685626
2053,0.25686044
2054,0.2568617
2055,0.25687355
2056,0.25688455
2057,0.25689167
2058,0.25689277
2059,0.25690627
2060,0.25691614
2061,0.25691885
2062,0.25692222
2063,0.25693703
2064,0.2569466
2065,0.25694728
2066,0.25694942
2067,0.2569783
2068,0.25698105
2069,0.25698596
2070,0.25699434
2071,0.2569978
2072,0.2570053
2073,0.25702968
2074,0.2570369
2075,0.25705627
2076,0.25707492
2077,0.257091
2078,0.25710323
2079,0.25710422
2080,0.25712553
2081,0.2571288
2082,0.2571347
2083,0.257149
2084,0.25715014
2085,0.25717133
2086,0.2572263
2087,0.25723934
2088,0.25725156
2089,0.25725448
2090,0.2572657
2091,0.2572818
2092,0.2572885
2093,0.25729182
2094,0.2573062
2095,0.2573067
2096,0.2573317
2097,0.25733197
2098,0.25733405
2099,0.25733453
2100,0.25734192
2101,0.257344
2102,0.25734472
2103,0.25735584
2104,0.25735968
2105,0.25737277
2106,0.25740185
2107,0.25740242
2108,0.25741202
2109,0.25741386
2110,0.2574165
2111,0.25743693
2112,0.2574448
2113,0.25746015
2114,0.25746408
2115,0.25746417
2116,0.2574718
2117,0.2574788
2118,0.25748083
2119,0.25749066
2120,0.25750095
2121,0.25756806
2122,0.2575706
2123,0.2575832
2124,0.2576127
2125,0.2576342
2126,0.25764915
2127,0.25766593
2128,0.25766632
2129,0.2576728
2130,0.25767678
2131,0.25768456
2132,0.25769264
2133,0.257709
2134,0.25771773
2135,0.25772476
2136,0.25776532
2137,0.2577836
2138,0.2577982
2139,0.25783345
2140,0.2578355
2141,0.25789487
2142,0.2579409
2143,0.2579553
2144,0.25795636
2145,0.2579651
2146,0.25797683
2147,0.25799122
2148,0.2580471
2149,0.25805664
2150,0.25805727
2151,0.25806603
2152,0.25807703
2153,0.25808623
2154,0.25810772
2155,0.25810876
2156,0.25811708
2157,0.25815147
2158,0.25815448
2159,0.2581551
2160,0.25815964
2161,0.25820565
2162,0.25822508
2163,0.25823703
2164,0.2582599
2165,0.2582942
2166,0.25830925
2167,0.2583339
2168,0.25833854
2169,0.25835904
2170,0.25836107
2171,0.25838706
2172,0.25845814
2173,0.25848842
2174,0.2584926
2175,0.25851086
2176,0.25852087
2177,0.258528
2178,0.2585505
2179,0.25855252
2180,0.25855806
2181,0.25855812
2182,0.25859052
2183,0.25859964
2184,0.2586008
2185,0.25860915
2186,0.25862217
2187,0.2586294
2188,0.25863642
2189,0.258648
2190,0.25866407
2191,0.25867096
2192,0.25868288
2193,0.25868705
2194,0.25869542
2195,0.25870752
2196,0.25871387
2197,0.25875747
2198,0.25876305
2199,0.25877047
2200,0.2587763
2201,0.2587883
2202,0.25880018
2203,0.25883588
2204,0.2589011
2205,0.25892848
2206,0.25896212
2207,0.25896654
2208,0.25898868
2209,0.25901428
2210,0.25901905
2211,0.25902072
2212,0.2590224
2213,0.2590335
2214,0.25903437
2215,0.25904047
2216,0.25904873
2217,0.25907055
2218,0.25907612
2219,0.25910103
2220,0.25912642
2221,0.25914264
2222,0.25914988
2223,0.25916043
2224,0.25916803
2225,0.25922784
2226,0.25922924
2227,0.25923166
2228,0.25923416
2229,0.25926262
2230,0.2592689
2231,0.2592758
2232,0.25927654
2233,0.25928867
2234,0.2593116
2235,0.25931263
2236,0.25932997
2237,0.2593366
2238,0.25934288
2239,0.25934297
2240,0.25935555
2241,0.25936463
2242,0.25937188
2243,0.25937468
2244,0.2593933
2245,0.25939408
2246,0.2594019
2247,0.25940925
2248,0.25941914
2249,0.2594241
2250,0.25942716
2251,0.25943232
2252,0.25945428
2253,0.25947607
2254,0.2594841
2255,0.2595071
2256,0.2595217
2257,0.25952673
2258,0.2595268
2259,0.25952828
2260,0.25953102
2261,0.25954208
2262,0.25955635
2263,0.25955763
2264,0.25955823
2265,0.25956354
2266,0.25960237
2267,0.2596154
2268,0.25963014
2269,0.25963044
2270,0.25963452
2271,0.25964355
2272,0.25967634
2273,0.25968286
2274,0.2597264
2275,0.25974244
2276,0.25975782
2277,0.25976038
2278,0.25976804
2279,0.2597681
2280,0.2597698
2281,0.2597814
2282,0.2597987
2283,0.25980154
2284,0.25980452
2285,0.2598154
2286,0.2598486
2287,0.25988775
2288,0.25989622
2289,0.25989977
2290,0.25992963
2291,0.25993842
2292,0.2599442
2293,0.25997195
2294,0.2599721
2295,0.2599881
2296,0.25998875
2297,0.25999263
2298,0.25999346
2299,0.26000416
2300,0.26000926
2301,0.26001197
2302,0.2600198
2303,0.26002845
2304,0.26007995
2305,0.26008216
2306,0.260093
2307,0.26011387
2308,0.26014373
2309,0.2601481
2310,0.26015848
2311,0.26016253
2312,0.26016545
2313,0.26019478
2314,0.26019648
2315,0.26020014
2316,0.26022965
2317,0.2602737
2318,0.26029125
2319,0.26030383
2320,0.2603053
2321,0.2603132
2322,0.2603461
2323,0.26037312
2324,0.26037562
2325,0.26037744
2326,0.26037812
2327,0.26037848
2328,0.26038107
2329,0.26041815
2330,0.26042202
2331,0.26043266
2332,0.26043722
2333,0.26045415
2334,0.26045525
2335,0.2604824
2336,0.2605194
2337,0.26053897
2338,0.26056078
2339,0.26057827
2340,0.26059526
2341,0.2606004
2342,0.26060578
2343,0.2606061
2344,0.2606339
2345,0.2606449
2346,0.26066175
2347,0.26068276
2348,0.26068825
2349,0.26068982
2350,0.26070157
2351,0.26072598
2352,0.26074815
2353,0.26077572
2354,0.2607919
2355,0.26079828
2356,0.26079983
2357,0.2608229
2358,0.26084524
2359,0.26085943
2360,0.26090494
2361,0.2609517
2362,0.2609711
2363,0.26097113
2364,0.26097935
2365,0.2609914
2366,0.26105908
2367,0.2610627
2368,0.26110262
2369,0.26110673
2370,0.2611176
2371,0.261128
2372,0.26114675
2373,0.26116496
2374,0.2611836
2375,0.2611896
2376,0.2611918
2377,0.2612077
2378,0.26121372
2379,0.2612266
2380,0.26122937
2381,0.26123428
2382,0.26133984
2383,0.2613431
2384,0.2613985
2385,0.26139933
2386,0.2614184
2387,0.26142827
2388,0.26143682
2389,0.26147017
2390,0.26147777
2391,0.26148224
2392,0.2614918
2393,0.26150632
2394,0.2615179
2395,0.26153207
2396,0.26156467
2397,0.2615648
2398,0.26157328
2399,0.26158187
2400,0.26158664
2401,0.26159632
2402,0.26159757
2403,0.26161644
2404,0.2616197
2405,0.2616606
2406,0.26166114
2407,0.26166317
2408,0.26172808
2409,0.2617297
2410,0.2617313
2411,0.26173443
2412,0.26174644
2413,0.26175055
2414,0.26176843
2415,0.2617805
2416,0.26180947
2417,0.26182246
2418,0.2618461
2419,0.26185763
2420,0.26187688
2421,0.2618785
2422,0.26188153
2423,0.26188517
2424,0.26190776
2425,0.2619079
2426,0.26192278
2427,0.26192972
2428,0.26193607
2429,0.2619524
2430,0.26196682
2431,0.26197252
2432,0.2620187
2433,0.262083
2434,0.26210874
2435,0.2621386
2436,0.26214552
2437,0.26216903
2438,0.26219556
2439,0.26222658
2440,0.2622373
2441,0.26227942
2442,0.26230374
2443,0.26231462
2444,0.2623611
2445,0.26236334
2446,0.2623668
2447,0.26239604
2448,0.26240873
2449,0.2624102
2450,0.26241302
2451,0.26242086
2452,0.2624492
2453,0.26245168
2454,0.26245815
2455,0.26247305
2456,0.26247695
2457,0.26248634
2458,0.2625287
2459,0.26257947
2460,0.26259735
2461,0.26260918
2462,0.2626309
2463,0.262646
2464,0.2626789
2465,0.26269776
2466,0.26270396
2467,0.26270908
2468,0.26274508
2469,0.26274553
2470,0.26275092
2471,0.26276037
2472,0.26276153
2473,0.2627937
2474,0.26279798
2475,0.26280975
2476,0.26281834
2477,0.26283002
2478,0.2629
2479,0.26291943
2480,0.26293734
2481,0.26293778
2482,0.26293877
2483,0.26293963
2484,0.26294786
2485,0.2629872
2486,0.26300108
2487,0.26305923
2488,0.26306683
2489,0.26309952
2490,0.2631203
2491,0.26312768
2492,0.26318055
2493,0.26324692
2494,0.26326746
2495,0.2632813
2496,0.2632968
2497,0.26330218
2498,0.26330295
2499,0.26331526
2500,0.26332074
2501,0.26343203
2502,0.26346993
2503,0.26347354
2504,0.2635291
2505,0.26353925
2506,0.26360714
2507,0.26362705
2508,0.26362786
2509,0.26362914
2510,0.2636426
2511,0.26365378
2512,0.26366282
2513,0.26368102
2514,0.26369092
2515,0.2637042
2516,0.26373336
2517,0.26375327
2518,0.26376897
2519,0.26381528
2520,0.2638244
2521,0.26383778
2522,0.26384246
2523,0.2638446
2524,0.26389498
2525,0.26394936
2526,0.26395035
2527,0.26398703
2528,0.26403767
2529,0.2640571
2530,0.264071
2531,0.2640904
2532,0.26410016
2533,0.26411548
2534,0.26420033
2535,0.26426688
2536,0.26428336
2537,0.26430544
2538,0.26430553
2539,0.26431155
2540,0.2643748
2541,0.26437962
2542,0.2643971
2543,0.264422
2544,0.26443043
2545,0.26444247
2546,0.264443
2547,0.26445234
2548,0.2644632
2549,0.26447603
2550,0.26447666
2551,0.2644822
2552,0.2644885
2553,0.2645107
2554,0.26451892
2555,0.26455283
2556,0.26457182
2557,0.26460105
2558,0.26460317
2559,0.26461658
2560,0.2646217
2561,0.26463282
2562,0.2646614
2563,0.26466942
2564,0.26470193
2565,0.26473814
2566,0.26475754
2567,0.2647808
2568,0.2647959
2569,0.2648108
2570,0.26484084
2571,0.2648529
2572,0.26485783
2573,0.26486012
2574,0.26486638
2575,0.26488012
2576,0.26488143
2577,0.26488638
2578,0.26491284
2579,0.26491976
2580,0.26494536
2581,0.26494583
2582,0.26495254
2583,0.2649563
2584,0.2649674
2585,0.26499003
2586,0.26504415
2587,0.26505214
2588,0.26506987
2589,0.26509953
2590,0.26518115
2591,0.26518926
2592,0.26522782
2593,0.26523587
2594,0.2652645
2595,0.26531416
2596,0.26532295
2597,0.2653257
2598,0.26536298
2599,0.26537263
2600,0.26538423
2601,0.26541397
2602,0.26553148
2603,0.265537
2604,0.26556164
2605,0.26556322
2606,0.26557732
2607,0.26566112
2608,0.26566955
2609,0.2657089
2610,0.26571745
2611,0.26572
2612,0.26574135
2613,0.26581252
2614,0.2658722
2615,0.26589638
2616,0.26593518
2617,0.26597062
2618,0.26600635
2619,0.2660195
2620,0.2660347
2621,0.26606894
2622,0.2660989
2623,0.26614138
2624,0.26617905
2625,0.2661958
2626,0.26621512
2627,0.26622236
2628,0.26629883
2629,0.26631278
2630,0.26634607
2631,0.26638976
2632,0.26648277
2633,0.26654908
2634,0.26656988
2635,0.2666029
2636,0.26663685
2637,0.26667455
2638,0.26669946
2639,0.26670212
2640,0.26671898
2641,0.2667357
2642,0.2667746
2643,0.26678962
2644,0.2668287
2645,0.26683027
2646,0.26693594
2647,0.26701546
2648,0.26704922
2649,0.26714066
2650,0.26718327
2651,0.26718706
2652,0.267218
2653,0.26723102
2654,0.26724496
2655,0.26729247
2656,0.26732078
2657,0.26737672
2658,0.26738754
2659,0.26740983
2660,0.26742125
2661,0.26743725
2662,0.26743808
2663,0.26753417
2664,0.26760393
2665,0.2676061
2666,0.2676201
2667,0.26768124
2668,0.267691
2669,0.26771313
2670,0.2678001
2671,0.26784837
2672,0.26785746
2673,0.26786408
2674,0.26787552
2675,0.2679131
2676,0.26803744
2677,0.26808846
2678,0.26811543
2679,0.2681158
2680,0.2681254
2681,0.26830104
2682,0.26830232
2683,0.26830316
2684,0.26832864
2685,0.2683599
2686,0.2683801
2687,0.26842478
2688,0.26847464
2689,0.26848984
2690,0.26860964
2691,0.26864627
2692,0.26866156
2693,0.26868588
2694,0.26870105
2695,0.26876962
2696,0.26877838
2697,0.26882368
2698,0.26883274
2699,0.2688809
2700,0.2689125
2701,0.26893294
2702,0.26894563
2703,0.2690004
2704,0.269014
2705,0.2690405
2706,0.269083
2707,0.26916945
2708,0.26919392
2709,0.26922777
2710,0.269256
2711,0.26931474
2712,0.2693239
2713,0.26933837
2714,0.26936355
2715,0.2694106
2716,0.2696097
2717,0.26961416
2718,0.26967803
2719,0.26969448
2720,0.26974225
2721,0.26977226
2722,0.2697885
2723,0.26981395
2724,0.26981902
2725,0.2699063
2726,0.2700016
2727,0.27005026
2728,0.27011868
2729,0.2701293
2730,0.27013746
2731,0.27033365
2732,0.270349
2733,0.2703569
2734,0.27036262
2735,0.2704156
2736,0.2704805
2737,0.270548
2738,0.27055728
2739,0.27069074
2740,0.27070817
2741,0.270759
2742,0.27076098
2743,0.27084458
2744,0.2708726
2745,0.27089432
2746,0.27090442
2747,0.27109504
2748,0.27110714
2749,0.271182
2750,0.27124166
2751,0.27136144
2752,0.27140394
2753,0.27144855
2754,0.27150187
2755,0.27153045
2756,0.27155852
2757,0.27156246
2758,0.27164033
2759,0.27172753
2760,0.2717754
2761,0.27189374
2762,0.27195552
2763,0.2720644
2764,0.2722135
2765,0.27223375
2766,0.27233815
2767,0.27241844
2768,0.27246916
2769,0.2725182
2770,0.2726324
2771,0.27268156
2772,0.27282593
2773,0.27287796
2774,0.27300367
2775,0.27312574
2776,0.2733171
2777,0.27347538
2778,0.27348256
2779,0.2735143
2780,0.27351716
2781,0.27362064
2782,0.27363202
2783,0.27367073
2784,0.27400118
2785,0.2740214
2786,0.2742123
2787,0.27430105
2788,0.27430612
2789,0.2743493
2790,0.27436408
2791,0.27454776
2792,0.274568
2793,0.27458212
2794,0.2747148
2795,0.27478167
2796,0.27481496
2797,0.27482063
2798,0.27482358
2799,0.2748934
2800,0.27489954
2801,0.27495018
2802,0.27504307
2803,0.27505222
2804,0.27521142
2805,0.27526087
2806,0.27526134
2807,0.27529508
2808,0.27547807
2809,0.27562213
2810,0.2760271
2811,0.2760698
2812,0.27616784
2813,0.27659443
2814,0.27681726
2815,0.27742377
2816,0.27751136
2817,0.27757135
2818,0.2776612
2819,0.27769873
2820,0.27818614
2821,0.27831793
2822,0.2790373
2823,0.2793155
2824,0.2795754
2825,0.27968243
2826,0.28108403
2827,0.28167206
2828,0.28256595
2829,0.28287736
2830,0.28334093
2831,0.28819722
2832,0.28918323
2833,0.28986743
2834,0.295439
2835,0.29549873
2836,0.2960821
2837,0.29656428
2838,0.29804528
2839,0.29954293
2840,0.3022605
2841,0.30226687
2842,0.30305266
2843,0.30426717
2844,0.30447388
2845,0.3049661
2846,0.30566096
2847,0.30585256
2848,0.3069792
2849,0.3071135
2850,0.30898532
2851,0.30945113
2852,0.31053504
2853,0.31062838
2854,0.3116883
2855,0.3119993
2856,0.31215963
2857,0.31217024
2858,0.31298715
2859,0.3131133
2860,0.3132404
2861,0.31479907
2862,0.31580043
2863,0.31606936
2864,0.3165384
2865,0.3168416
2866,0.31749642
2867,0.31752396
2868,0.31756544
2869,0.3176407
2870,0.31883526
2871,0.31912497
2872,0.31944892
2873,0.3200546
2874,0.3201621
2875,0.3213227
2876,0.32148734
2877,0.32252982
2878,0.3233663
2879,0.3236086
2880,0.32474595
2881,0.32515302
2882,0.32529768
2883,0.3273982
2884,0.3355083
2885,0.3360355
2886,0.34118435
2887,0.34210387
2888,0.34345087
2889,0.34673563
2890,0.34680364
2891,0.35044333
2892,0.35126755
2893,0.35243905
2894,0.35603246
2895,0.35630038
2896,0.35810882
2897,0.3596008
2898,0.36074808
2899,0.36090735
2900,0.3615186
2901,0.3622665
2902,0.36244366
2903,0.36247867
2904,0.36422163
2905,0.36455375
2906,0.3657159
2907,0.3658599
2908,0.36595145
2909,0.36687368
2910,0.36732754
2911,0.36792475
2912,0.36945468
2913,0.3703357
2914,0.37101462
2915,0.3720641
2916,0.3721551
2917,0.37250906
2918,0.37422547
2919,0.37428123
2920,0.37479466
2921,0.37526053
2922,0.37611046
2923,0.37636104
2924,0.37645397
2925,0.37715092
2926,0.37775394
2927,0.37804416
2928,0.37832975
2929,0.3798146
2930,0.38000903
2931,0.38081717
2932,0.38099954
2933,0.38111007
2934,0.3831722
2935,0.38327566
2936,0.3852576
2937,0.38547635
2938,0.38712144
2939,0.38877392
2940,0.38909796
2941,0.39145806
2942,0.39246863
2943,0.39413378
2944,0.39595398
2945,0.3998737
2946,0.4037636
2947,0.4126802
2948,0.41301715
2949,0.41303787
2950,0.41426873
2951,0.41549194
2952,0.41646516
2953,0.41737822
2954,0.41800475
2955,0.41921172
2956,0.4202964
2957,0.4211479
2958,0.42124096
2959,0.4214993
2960,0.42268562
2961,0.4234246
2962,0.42391965
2963,0.4245034
2964,0.4251309
2965,0.4254958
2966,0.42633516
2967,0.42661297
2968,0.4288033
2969,0.42907456
2970,0.42957476
2971,0.4297704
2972,0.43114442
2973,0.4327474
2974,0.4330562
2975,0.43325683
2976,0.43389297
2977,0.43494922
2978,0.43512952
2979,0.43591335
2980,0.43602526
2981,0.43677357
2982,0.4368825
2983,0.43726864
2984,0.43766585
2985,0.43774402
2986,0.43792367
2987,0.4388353
2988,0.4392857
2989,0.44061583
2990,0.4407257
2991,0.44101572
2992,0.44153932
2993,0.44221392
2994,0.44255057
2995,0.44351366
2996,0.44445327
2997,0.44466057
2998,0.44524893
2999,0.4460449
3000,0.44714588
3001,0.44905216
3002,0.4493582
3003,0.4493587
3004,0.4498297
3005,0.45025107
3006,0.45134395
3007,0.4526168
3008,0.45293975
3009,0.45556003
3010,0.45585987
3011,0.45753202
3012,0.45762202
3013,0.46476528
3014,0.46640828
3015,0.467666
3016,0.46773484
3017,0.47139952
3018,0.47879076
3019,0.47910094
3020,0.47985086
3021,0.47990188
3022,0.48078352
3023,0.4818576
3024,0.48244208
3025,0.4832383
3026,0.48345807
3027,0.48446548
3028,0.4856858
3029,0.48612267
3030,0.48632443
3031,0.48656103
3032,0.48718688
3033,0.48789492
3034,0.4879257
3035,0.48872212
3036,0.48923978
3037,0.48960418
3038,0.49104303
3039,0.4914678
3040,0.49166307
3041,0.49169534
3042,0.4921647
3043,0.49237922
3044,0.4934299
3045,0.49353203
3046,0.4939682
3047,0.49405903
3048,0.49540713
3049,0.49621943
3050,0.49704716
3051,0.49766582
3052,0.49826178
3053,0.4989429
3054,0.49917993
3055,0.49933475
3056,0.49971497
3057,0.5003307
3058,0.50079745
3059,0.5012035
3060,0.5033123
3061,0.5033619
3062,0.50360006
3063,0.50407386
3064,0.5043559
3065,0.5058588
3066,0.5062766
3067,0.5063814
3068,0.50672174
3069,0.5069777
3070,0.5076604
3071,0.50813043
3072,0.5092879
3073,0.5096046
3074,0.5104439
3075,0.51062423
3076,0.5114635
3077,0.513023
3078,0.51390433
3079,0.5197321
3080,0.52332807
3081,0.53102946
3082,0.5325971
3083,0.53438467
3084,0.53591925
3085,0.5367256
3086,0.5396453
3087,0.54098815
3088,0.54297966
3089,0.5432627
3090,0.5439783
3091,0.5450718
3092,0.54766524
3093,0.54774004
3094,0.5478908
3095,0.5487847
3096,0.5499203
3097,0.550719
3098,0.5522247
3099,0.55252165
3100,0.5525753
3101,0.553591
3102,0.55380714
3103,0.55530953
3104,0.5553528
3105,0.5554136
3106,0.5557831
3107,0.5574684
3108,0.55759734
3109,0.5578558
3110,0.55787814
3111,0.5594362
3112,0.56034213
3113,0.56038666
3114,0.56084985
3115,0.5610571
3116,0.56142783
3117,0.5618752
3118,0.5622013
3119,0.56228995
3120,0.5625511
3121,0.56260127
3122,0.5631158
3123,0.5631759
3124,0.56320065
3125,0.56325495
3126,0.5632808
3127,0.56339
3128,0.56357336
3129,0.56427395
3130,0.56451833
3131,0.5669605
3132,0.56760895
3133,0.56808317
3134,0.56828797
3135,0.56830066
3136,0.5684941
3137,0.56857246
3138,0.5686016
3139,0.56907874
3140,0.56921226
3141,0.5697441
3142,0.56994414
3143,0.56995815
3144,0.5701945
3145,0.57069165
3146,0.5709989
3147,0.5718962
3148,0.5725036
3149,0.5729444
3150,0.5736452
3151,0.5744865
3152,0.5797836
3153,0.5874907
3154,0.59167856
3155,0.5922004
3156,0.59316534
3157,0.59713846
3158,0.60157275
3159,0.60173506
3160,0.6017574
3161,0.602603
3162,0.6032971
3163,0.60446966
3164,0.6051841
3165,0.6063043
3166,0.6075522
3167,0.6076959
3168,0.60822874
3169,0.60842985
3170,0.608508
3171,0.6088519
3172,0.608987
3173,0.6096649
3174,0.61037034
3175,0.6107418
3176,0.6108978
3177,0.61148447
3178,0.6118948
3179,0.61262536
3180,0.6127846
3181,0.6128634
3182,0.6128672
3183,0.61295784
3184,0.61320657
3185,0.6135079
3186,0.6135111
3187,0.61405694
3188,0.6144215
3189,0.61452
3190,0.6153314
3191,0.61555606
3192,0.61628824
3193,0.61632305
3194,0.6167172
3195,0.61688787
3196,0.6171178
3197,0.6177347
3198,0.61779964
3199,0.61812395
3200,0.6182747
3201,0.6185609
3202,0.61898476
3203,0.6190443
3204,0.6191012
3205,0.6201575
3206,0.62044764
3207,0.62051374
3208,0.62058955
3209,0.6206877
3210,0.6206924
3211,0.62100106
3212,0.62110806
3213,0.62257916
3214,0.62276125
3215,0.6233435
3216,0.6235501
3217,0.62383914
3218,0.62398005
3219,0.6241074
3220,0.62419206
3221,0.62439555
3222,0.6246201
3223,0.6246371
3224,0.6248917
3225,0.6249545
3226,0.6253785
3227,0.62540144
3228,0.62584513
3229,0.6261225
3230,0.6264195
3231,0.6265443
3232,0.62665653
3233,0.6277318
3234,0.62852496
3235,0.628652
3236,0.6288377
3237,0.62887836
3238,0.62902266
3239,0.6290546
3240,0.62921387
3241,0.6294793
3242,0.6297167
3243,0.629928
3244,0.63011134
3245,0.63027835
3246,0.6309535
3247,0.63166034
3248,0.63203347
3249,0.6323028
3250,0.63265926
3251,0.63266397
3252,0.6330769
3253,0.6335338
3254,0.63468313
3255,0.6351492
3256,0.6353403
3257,0.63590175
3258,0.63818747
3259,0.63851947
3260,0.63955295
3261,0.64019704
3262,0.6413307
3263,0.6452976
3264,0.6460247
3265,0.65368396
3266,0.6617544
3267,0.6620312
3268,0.6652291
3269,0.6660174
3270,0.66613173
3271,0.66673064
3272,0.66691595
3273,0.6669177
3274,0.66892606
3275,0.6690947
3276,0.66991204
3277,0.67016876
3278,0.6703574
3279,0.671253
3280,0.67131007
3281,0.6721616
3282,0.6721719
3283,0.672566
3284,0.67283016
3285,0.6729889
3286,0.67309564
3287,0.67363346
3288,0.67391646
3289,0.6741617
3290,0.6744101
3291,0.67486537
3292,0.6749041
3293,0.6749304
3294,0.67501014
3295,0.67520493
3296,0.6754835
3297,0.67555153
3298,0.67557615
3299,0.67569566
3300,0.6759297
3301,0.67601866
3302,0.67609036
3303,0.6763439
3304,0.67678857
3305,0.67685753
3306,0.6770122
3307,0.6770368
3308,0.67745185
3309,0.67781675
3310,0.67786
3311,0.67786074
3312,0.67786384
3313,0.6779939
3314,0.67813003
3315,0.67849785
3316,0.6785516
3317,0.6786856
3318,0.6789003
3319,0.67890036
3320,0.67901254
3321,0.6790675
3322,0.679081
3323,0.67909473
3324,0.67911774
3325,0.67912817
3326,0.6792828
3327,0.6793288
3328,0.6796109
3329,0.6796185
3330,0.6798121
3331,0.67993253
3332,0.68015003
3333,0.68032247
3334,0.68062896
3335,0.68067336
3336,0.6807122
3337,0.68080777
3338,0.6809081
3339,0.68109834
3340,0.68146807
3341,0.6814821
3342,0.6817056
3343,0.6818074
3344,0.6818943
3345,0.6820196
3346,0.6820837
3347,0.682181
3348,0.68219876
3349,0.6822151
3350,0.68229055
3351,0.6823218
3352,0.68241775
3353,0.68246514
3354,0.68265665
3355,0.68274707
3356,0.6830155
3357,0.68306
3358,0.68349624
3359,0.68350977
3360,0.6836834
3361,0.68368465
3362,0.68378013
3363,0.6841111
3364,0.68419796
3365,0.68431705
3366,0.6844233
3367,0.6845671
3368,0.6845927
3369,0.68465894
3370,0.68515575
3371,0.6852502
3372,0.6855086
3373,0.68556
3374,0.68573487
3375,0.68588567
3376,0.6859174
3377,0.6862785
3378,0.68656784
3379,0.68658125
3380,0.68664575
3381,0.6866875
3382,0.68669003
3383,0.68670696
3384,0.6868712
3385,0.68691605
3386,0.6871208
3387,0.68715566
3388,0.6871683
3389,0.687283
3390,0.68731403
3391,0.687358
3392,0.6873843
3393,0.68807966
3394,0.688145
3395,0.68854415
3396,0.68860686
3397,0.68872625
3398,0.6892445
3399,0.68924904
3400,0.689305
3401,0.6894295
3402,0.6901826
3403,0.6902102
3404,0.6904041
3405,0.69077414
3406,0.6908576
3407,0.6910112
3408,0.6911325
3409,0.6912254
3410,0.6916098
3411,0.6916302
3412,0.69165003
3413,0.69205606
3414,0.6922966
3415,0.692433
3416,0.69251376
3417,0.69276315
3418,0.69305
3419,0.6933476
3420,0.69354784
3421,0.69381547
3422,0.6942589
3423,0.6943602
3424,0.6943942
3425,0.69441944
3426,0.6946736
3427,0.6957496
3428,0.6958515
3429,0.6960967
3430,0.69687027
3431,0.6969391
3432,0.6969849
3433,0.6973392
3434,0.6974793
3435,0.69828075
3436,0.69830334
3437,0.6986972
3438,0.6988074
3439,0.69911176
3440,0.7002755
3441,0.7012053
3442,0.7013622
3443,0.7014101
3444,0.7017369
3445,0.70262516
3446,0.70263624
3447,0.70316344
3448,0.7042584
3449,0.71179414
3450,0.7137849
3451,0.71461225
3452,0.7147768
3453,0.71644396
3454,0.7178776
3455,0.7179427
3456,0.7181044
3457,0.71860427
3458,0.7188839
3459,0.7203381
3460,0.7209078
3461,0.72091067
3462,0.7214488
3463,0.72151846
3464,0.721738
3465,0.72175264
3466,0.72225803
3467,0.72233534
3468,0.7228347
3469,0.7231053
3470,0.7232731
3471,0.7234181
3472,0.72365475
3473,0.7237311
3474,0.7241045
3475,0.72416604
3476,0.72429794
3477,0.7251101
3478,0.72531694
3479,0.72550243
3480,0.72553277
3481,0.7259444
3482,0.726069
3483,0.72615063
3484,0.7265107
3485,0.7266725
3486,0.7266923
3487,0.7267904
3488,0.72681546
3489,0.7268334
3490,0.7268619
3491,0.72688305
3492,0.7269931
3493,0.7271427
3494,0.72715545
3495,0.7273079
3496,0.72746396
3497,0.7279679
3498,0.72805965
3499,0.7280993
3500,0.72822857
3501,0.72830456
3502,0.72836953
3503,0.7283913
3504,0.72843087
3505,0.72844553
3506,0.72856635
3507,0.7286115
3508,0.72861534
3509,0.7289116
3510,0.7289333
3511,0.72895575
3512,0.72896093
3513,0.72896254
3514,0.7289939
3515,0.7290747
3516,0.7291262
3517,0.72918785
3518,0.7292369
3519,0.7292793
3520,0.72934616
3521,0.7293509
3522,0.7293793
3523,0.72939134
3524,0.7294102
3525,0.7295214
3526,0.7295297
3527,0.7295543
3528,0.7296605
3529,0.7297538
3530,0.7297883
3531,0.7298293
3532,0.72986114
3533,0.7299095
3534,0.72991776
3535,0.72992295
3536,0.72996044
3537,0.72997737
3538,0.73013896
3539,0.7301456
3540,0.7301795
3541,0.73020566
3542,0.73022306
3543,0.73026437
3544,0.73035413
3545,0.73046064
3546,0.73048824
3547,0.73048997
3548,0.73054713
3549,0.73067176
3550,0.7306778
3551,0.73069793
3552,0.7307064
3553,0.7307113
3554,0.7307347
3555,0.7307712
3556,0.7308122
3557,0.730929
3558,0.7309344
3559,0.7309769
3560,0.7309808
3561,0.7310887
3562,0.73109007
3563,0.7311005
3564,0.73113406
3565,0.7311468
3566,0.731234
3567,0.7312465
3568,0.73125315
3569,0.73127
3570,0.7313264
3571,0.7313594
3572,0.73137194
3573,0.7314238
3574,0.7314304
3575,0.7314574
3576,0.73147273
3577,0.7314805
3578,0.7314956
3579,0.7315061
3580,0.731522
3581,0.73153436
3582,0.73154616
3583,0.7315882
3584,0.7316728
3585,0.73179525
3586,0.73181427
3587,0.731853
3588,0.73192245
3589,0.731978
3590,0.7319924
3591,0.7320155
3592,0.7320363
3593,0.73207504
3594,0.73208094
3595,0.73214537
3596,0.7321789
3597,0.7322104
3598,0.7322212
3599,0.7322568
3600,0.73226655
3601,0.7323189
3602,0.7324263
3603,0.7324432
3604,0.73246264
3605,0.73249173
3606,0.7325383
3607,0.7325422
3608,0.7325474
3609,0.732577
3610,0.73261946
3611,0.7326237
3612,0.73264426
3613,0.7326651
3614,0.732669
3615,0.7326959
3616,0.7327834
3617,0.73278695
3618,0.7327995
3619,0.7328371
3620,0.73283887
3621,0.7328551
3622,0.7328928
3623,0.7329549
3624,0.732959
3625,0.7329662
3626,0.73299485
3627,0.73303556
3628,0.73304427
3629,0.73311925
3630,0.7331397
3631,0.7331735
3632,0.73318213
3633,0.7332035
3634,0.73321205
3635,0.73324835
3636,0.73327476
3637,0.73328763
3638,0.7333552
3639,0.73344463
3640,0.7334751
3641,0.7334989
3642,0.73352665
3643,0.73353314
3644,0.73354906
3645,0.7335688
3646,0.73357624
3647,0.733614
3648,0.7336941
3649,0.73371136
3650,0.73373884
3651,0.73377085
3652,0.73378664
3653,0.7338074
3654,0.73381716
3655,0.73381746
3656,0.7338398
3657,0.7338701
3658,0.73393285
3659,0.73393565
3660,0.73395056
3661,0.73400855
3662,0.7340242
3663,0.7340442
3664,0.7340982
3665,0.734124
3666,0.7341288
3667,0.73414767
3668,0.73418766
3669,0.7342241
3670,0.73425204
3671,0.7343453
3672,0.73435676
3673,0.7343769
3674,0.7344025
3675,0.7344803
3676,0.7345072
3677,0.7345087
3678,0.7345945
3679,0.7346052
3680,0.73464376
3681,0.7346605
3682,0.73468626
3683,0.73469573
3684,0.73470545
3685,0.73477983
3686,0.7348005
3687,0.7348407
3688,0.7348688
3689,0.734873
3690,0.7349154
3691,0.734932
3692,0.7349393
3693,0.73495865
3694,0.7349889
3695,0.73503655
3696,0.7350916
3697,0.7351162
3698,0.7351201
3699,0.7351324
3700,0.73513424
3701,0.7351388
3702,0.7351885
3703,0.7352108
3704,0.7352357
3705,0.73531497
3706,0.73532194
3707,0.73532706
3708,0.73533076
3709,0.73542863
3710,0.7354516
3711,0.7354719
3712,0.73552066
3713,0.7355277
3714,0.7355395
3715,0.7355398
3716,0.73554826
3717,0.735549
3718,0.7356055
3719,0.73561084
3720,0.73562694
3721,0.73562765
3722,0.7356281
3723,0.7356292
3724,0.7356522
3725,0.7356659
3726,0.73566955
3727,0.7357266
3728,0.73572683
3729,0.73576295
3730,0.73576784
3731,0.7357805
3732,0.7358258
3733,0.7358425
3734,0.7358994
3735,0.7359068
3736,0.73594636
3737,0.73601973
3738,0.73602295
3739,0.7360363
3740,0.7360783
3741,0.736087
3742,0.73609304
3743,0.736106
3744,0.73610747
3745,0.73610926
3746,0.73614603
3747,0.73614705
3748,0.7361983
3749,0.736216
3750,0.73621756
3751,0.7362277
3752,0.7362396
3753,0.7362396
3754,0.7362401
3755,0.7362542
3756,0.73627716
3757,0.73630416
3758,0.7363114
3759,0.7363218
3760,0.7363432
3761,0.7363527
3762,0.73640394
3763,0.7364063
3764,0.73642254
3765,0.7364257
3766,0.7364311
3767,0.7364362
3768,0.73645675
3769,0.73646617
3770,0.7365
3771,0.7365004
3772,0.7365163
3773,0.73652315
3774,0.736527
3775,0.73655355
3776,0.73658085
3777,0.73663867
3778,0.7366505
3779,0.73668
3780,0.7367171
3781,0.73671955
3782,0.73672605
3783,0.7367446
3784,0.73678833
3785,0.73679554
3786,0.7367969
3787,0.73679936
3788,0.7368031
3789,0.7368034
3790,0.73680997
3791,0.73683614
3792,0.7368507
3793,0.73685527
3794,0.73687035
3795,0.73690754
3796,0.73692316
3797,0.7369351
3798,0.7369404
3799,0.736955
3800,0.73696536
3801,0.73697
3802,0.73697364
3803,0.7369953
3804,0.73701835
3805,0.7370342
3806,0.7370487
3807,0.7371017
3808,0.7371121
3809,0.7371342
3810,0.7371448
3811,0.7371462
3812,0.7371921
3813,0.7372152
3814,0.7372173
3815,0.7372217
3816,0.7372246
3817,0.7372338
3818,0.73727953
3819,0.737283
3820,0.73728794
3821,0.73729646
3822,0.7373294
3823,0.73734325
3824,0.7373693
3825,0.7373997
3826,0.7374087
3827,0.7374139
3828,0.7374203
3829,0.7374349
3830,0.73745024
3831,0.73746085
3832,0.7374884
3833,0.7375263
3834,0.7375365
3835,0.7375505
3836,0.737557
3837,0.7375767
3838,0.7375785
3839,0.7375889
3840,0.7375904
3841,0.7375983
3842,0.7376041
3843,0.73761785
3844,0.737644
3845,0.73765206
3846,0.73767054
3847,0.7376952
3848,0.7377187
3849,0.73773086
3850,0.73773307
3851,0.73773444
3852,0.7377414
3853,0.737762
3854,0.7377791
3855,0.7377843
3856,0.7377853
3857,0.7377925
3858,0.7378143
3859,0.7378604
3860,0.7378819
3861,0.737893
3862,0.7378994
3863,0.7379156
3864,0.737936
3865,0.7379473
3866,0.7379504
3867,0.737988
3868,0.73799855
3869,0.7380026
3870,0.7380083
3871,0.7380282
3872,0.7381276
3873,0.7381562
3874,0.7381692
3875,0.7381779
3876,0.7381896
3877,0.73819214
3878,0.7382135
3879,0.7382203
3880,0.738223
3881,0.73822796
3882,0.7382349
3883,0.73826176
3884,0.7382623
3885,0.73826957
3886,0.7382728
3887,0.73828274
3888,0.7382941
3889,0.7383021
3890,0.738308
3891,0.7383143
3892,0.7383265
3893,0.7383428
3894,0.7383452
3895,0.7383586
3896,0.7383719
3897,0.7383765
3898,0.73840153
3899,0.73840386
3900,0.73841566
3901,0.7384168
3902,0.7384251
3903,0.73844814
3904,0.7384529
3905,0.7384817
3906,0.7385077
3907,0.73852134
3908,0.7385279
3909,0.7385353
3910,0.7385873
3911,0.7385983
3912,0.7386229
3913,0.7386246
3914,0.7386348
3915,0.73864305
3916,0.7386648
3917,0.73866904
3918,0.73871374
3919,0.73872423
3920,0.7387801
3921,0.73878473
3922,0.7387943
3923,0.7388182
3924,0.73883253
3925,0.7388331
3926,0.73886174
3927,0.7388687
3928,0.7388736
3929,0.7388752
3930,0.73887616
3931,0.7388977
3932,0.738903
3933,0.7389121
3934,0.7389358
3935,0.7389518
3936,0.73898053
3937,0.7389847
3938,0.73898876
3939,0.7389973
3940,0.7389976
3941,0.7391018
3942,0.7391367
3943,0.73915404
3944,0.7391627
3945,0.73917055
3946,0.73923326
3947,0.73923486
3948,0.7392375
3949,0.7392421
3950,0.7392496
3951,0.7392521
3952,0.73927957
3953,0.73930234
3954,0.7393069
3955,0.7393192
3956,0.73932415
3957,0.7393417
3958,0.7393495
3959,0.73937553
3960,0.7393891
3961,0.739397
3962,0.73941576
3963,0.73942286
3964,0.739428
3965,0.73942995
3966,0.739432
3967,0.7394341
3968,0.7394377
3969,0.7394514
3970,0.739489
3971,0.7395119
3972,0.7395236
3973,0.7395405
3974,0.73954093
3975,0.7395441
3976,0.7395519
3977,0.7395543
3978,0.7395652
3979,0.73956776
3980,0.73958343
3981,0.7396003
3982,0.7396142
3983,0.7396487
3984,0.739664
3985,0.7396841
3986,0.7396924
3987,0.73969936
3988,0.7397075
3989,0.7397081
3990,0.7397175
3991,0.73974735
3992,0.739755
3993,0.7398232
3994,0.7398345
3995,0.7398652
3996,0.7398743
3997,0.739876
3998,0.73988885
3999,0.73989904
4000,0.73992807
4001,0.739932
4002,0.73993784
4003,0.7399587
4004,0.7399763
4005,0.739983
4006,0.74000216
4007,0.7400116
4008,0.74002725
4009,0.7400645
4010,0.7400694
4011,0.7400984
4012,0.7401023
4013,0.7401064
4014,0.7401493
4015,0.74015313
4016,0.7401643
4017,0.7401726
4018,0.7401729
4019,0.74019074
4020,0.7401951
4021,0.74019974
4022,0.74020755
4023,0.7402279
4024,0.7402295
4025,0.74025184
4026,0.7402525
4027,0.74027157
4028,0.74027383
4029,0.74027395
4030,0.7402789
4031,0.7403152
4032,0.7403352
4033,0.7403453
4034,0.74035263
4035,0.74036396
4036,0.740394
4037,0.74041945
4038,0.74042815
4039,0.74042904
4040,0.7404386
4041,0.74044734
4042,0.74046147
4043,0.74046946
4044,0.74048
4045,0.7405056
4046,0.7405105
4047,0.740513
4048,0.7405147
4049,0.74052256
4050,0.74053425
4051,0.740548
4052,0.7405643
4053,0.7405756
4054,0.7405867
4055,0.7406286
4056,0.7406351
4057,0.74065554
4058,0.7406876
4059,0.7406883
4060,0.74069935
4061,0.7407167
4062,0.7407172
4063,0.7407459
4064,0.74078983
4065,0.7407968
4066,0.7407986
4067,0.7408
4068,0.74081916
4069,0.74082637
4070,0.7408318
4071,0.7408351
4072,0.74086064
4073,0.740863
4074,0.74086374
4075,0.7408734
4076,0.7408785
4077,0.7408803
4078,0.74088407
4079,0.7408845
4080,0.740886
4081,0.74088633
4082,0.74090785
4083,0.74091595
4084,0.7409205
4085,0.7409224
4086,0.74092746
4087,0.7409638
4088,0.7409671
4089,0.7409697
4090,0.7409987
4091,0.7410043
4092,0.74100727
4093,0.74100727
4094,0.74100906
4095,0.7410286
4096,0.7410325
4097,0.7410427
4098,0.7410443
4099,0.7410581
4100,0.7410601
4101,0.7410616
4102,0.7410742
4103,0.7410837
4104,0.7410886
4105,0.7411182
4106,0.74113953
4107,0.7411406
4108,0.74114543
4109,0.7411531
4110,0.7411578
4111,0.7411622
4112,0.7411647
4113,0.7411754
4114,0.74118006
4115,0.74118096
4116,0.7411944
4117,0.74123573
4118,0.74123895
4119,0.74124974
4120,0.74127996
4121,0.7412906
4122,0.7412918
4123,0.7412993
4124,0.7412998
4125,0.7413082
4126,0.74134576
4127,0.74135613
4128,0.74139136
4129,0.74140227
4130,0.7414077
4131,0.7414141
4132,0.7414252
4133,0.7414445
4134,0.7414664
4135,0.74147284
4136,0.741496
4137,0.7415053
4138,0.74150556
4139,0.7415209
4140,0.7415242
4141,0.7415271
4142,0.74152875
4143,0.74152875
4144,0.7415351
4145,0.7415523
4146,0.7415559
4147,0.741556
4148,0.74155766
4149,0.741562
4150,0.74156207
4151,0.7415642
4152,0.7416234
4153,0.7416455
4154,0.74165136
4155,0.74165195
4156,0.7416639
4157,0.74167484
4158,0.7416772
4159,0.7416778
4160,0.741687
4161,0.7416907
4162,0.741702
4163,0.74171984
4164,0.7417225
4165,0.7417251
4166,0.7417303
4167,0.74173087
4168,0.7417382
4169,0.7417432
4170,0.7417499
4171,0.7417608
4172,0.7417608
4173,0.7417674
4174,0.74176925
4175,0.74177283
4176,0.7417747
4177,0.74177635
4178,0.74178994
4179,0.74179435
4180,0.7417946
4181,0.74179524
4182,0.7418091
4183,0.74182606
4184,0.7418372
4185,0.741841
4186,0.7418492
4187,0.74186504
4188,0.74186796
4189,0.74187744
4190,0.7418839
4191,0.7418919
4192,0.7419007
4193,0.7419122
4194,0.74191487
4195,0.74192685
4196,0.7419285
4197,0.741932
4198,0.7419352
4199,0.7419378
4200,0.74194187
4201,0.74194306
4202,0.7419562
4203,0.74198973
4204,0.74199885
4205,0.74200183
4206,0.74200594
4207,0.74201256
4208,0.7420438
4209,0.74204975
4210,0.7420559
4211,0.7420629
4212,0.74207854
4213,0.74208033
4214,0.74208254
4215,0.7420826
4216,0.7421104
4217,0.74212396
4218,0.7421459
4219,0.7421527
4220,0.74215406
4221,0.7421644
4222,0.7421681
4223,0.742174
4224,0.7421751
4225,0.7421831
4226,0.7421949
4227,0.7422116
4228,0.74224174
4229,0.7422807
4230,0.7423071
4231,0.7423084
4232,0.742316
4233,0.74234
4234,0.7423485
4235,0.74237627
4236,0.7423791
4237,0.74238354
4238,0.7423849
4239,0.7423985
4240,0.74243706
4241,0.7424424
4242,0.742445
4243,0.74246687
4244,0.7424837
4245,0.74248403
4246,0.74248457
4247,0.74249566
4248,0.74249953
4249,0.74251103
4250,0.74253285
4251,0.74254006
4252,0.7425496
4253,0.7425765
4254,0.74259746
4255,0.74260324
4256,0.74262416
4257,0.7426269
4258,0.74263775
4259,0.7426478
4260,0.74266535
4261,0.7426899
4262,0.7426922
4263,0.74269474
4264,0.7427101
4265,0.74272025
4266,0.7427242
4267,0.74272984
4268,0.74273145
4269,0.74274796
4270,0.7427638
4271,0.7427721
4272,0.74278474
4273,0.74278986
4274,0.7428428
4275,0.74284714
4276,0.7428532
4277,0.7428571
4278,0.7428637
4279,0.7428653
4280,0.7428671
4281,0.7428727
4282,0.742875
4283,0.7428767
4284,0.7428898
4285,0.7428939
4286,0.74290407
4287,0.74290943
4288,0.742919
4289,0.74294204
4290,0.7429489
4291,0.74298006
4292,0.74298966
4293,0.7429999
4294,0.7430063
4295,0.7430146
4296,0.7430158
4297,0.7430388
4298,0.74304086
4299,0.74304456
4300,0.7430757
4301,0.74308187
4302,0.74308944
4303,0.7430898
4304,0.7431105
4305,0.74312156
4306,0.7431354
4307,0.74313545
4308,0.7431475
4309,0.7431621
4310,0.74316865
4311,0.7431712
4312,0.74321085
4313,0.7432367
4314,0.7432371
4315,0.7432481
4316,0.74326354
4317,0.7432695
4318,0.74327224
4319,0.7432745
4320,0.7432822
4321,0.74330264
4322,0.74330354
4323,0.74330586
4324,0.74331135
4325,0.7433185
4326,0.743327
4327,0.7433337
4328,0.7433393
4329,0.74334097
4330,0.74335
4331,0.7433589
4332,0.7433808
4333,0.7433827
4334,0.74339545
4335,0.7434141
4336,0.7434282
4337,0.74345607
4338,0.74346226
4339,0.7434947
4340,0.7434964
4341,0.743513
4342,0.74352443
4343,0.74353856
4344,0.7435432
4345,0.743546
4346,0.74354696
4347,0.74355066
4348,0.7435611
4349,0.7435757
4350,0.7435759
4351,0.74357736
4352,0.7435814
4353,0.74358594
4354,0.74358726
4355,0.74360645
4356,0.74361575
4357,0.7436199
4358,0.7436204
4359,0.74364775
4360,0.74365014
4361,0.74365026
4362,0.74365455
4363,0.7436885
4364,0.7437121
4365,0.7437141
4366,0.7437294
4367,0.7437301
4368,0.7437317
4369,0.7437597
4370,0.7437613
4371,0.74379253
4372,0.74380773
4373,0.7438183
4374,0.7438195
4375,0.7438246
4376,0.74382585
4377,0.7438273
4378,0.74383736
4379,0.74384636
4380,0.7438471
4381,0.7438845
4382,0.74389225
4383,0.74389464
4384,0.74389714
4385,0.74389744
4386,0.7439098
4387,0.74392056
4388,0.7439405
4389,0.74395007
4390,0.7439559
4391,0.7439563
4392,0.74395865
4393,0.743962
4394,0.7439895
4395,0.7440009
4396,0.74401224
4397,0.7440252
4398,0.7440337
4399,0.7440634
4400,0.7440746
4401,0.7440809
4402,0.74415296
4403,0.7441534
4404,0.74415565
4405,0.7441666
4406,0.7441687
4407,0.7441693
4408,0.7441837
4409,0.7441862
4410,0.744199
4411,0.7442262
4412,0.744245
4413,0.744276
4414,0.74429536
4415,0.74429715
4416,0.74430907
4417,0.7443103
4418,0.7443175
4419,0.7443358
4420,0.7443528
4421,0.74436283
4422,0.74436545
4423,0.74437577
4424,0.7443835
4425,0.7443948
4426,0.74440527
4427,0.7444199
4428,0.7444226
4429,0.7444373
4430,0.7444493
4431,0.7444523
4432,0.7444606
4433,0.7444833
4434,0.74448967
4435,0.7444939
4436,0.7444981
4437,0.74449986
4438,0.74450433
4439,0.744506
4440,0.74452055
4441,0.74452084
4442,0.7445407
4443,0.74455756
4444,0.7445602
4445,0.74456483
4446,0.7445962
4447,0.74460226
4448,0.7446174
4449,0.7446214
4450,0.7446387
4451,0.7446427
4452,0.7446444
4453,0.7446554
4454,0.7447019
4455,0.74470395
4456,0.74470514
4457,0.74470943
4458,0.7447303
4459,0.7447346
4460,0.74473876
4461,0.7447414
4462,0.7447418
4463,0.7447454
4464,0.74474764
4465,0.74475735
4466,0.7447611
4467,0.74476844
4468,0.74477595
4469,0.7447939
4470,0.7447954
4471,0.7448403
4472,0.7448451
4473,0.74485886
4474,0.74486065
4475,0.7448608
4476,0.7448748
4477,0.74487585
4478,0.7448823
4479,0.7448961
4480,0.7449007
4481,0.74490327
4482,0.7449067
4483,0.7449174
4484,0.74493074
4485,0.7449396
4486,0.74493974
4487,0.74494565
4488,0.74495757
4489,0.7449682
4490,0.7449723
4491,0.7449782
4492,0.7449812
4493,0.7450304
4494,0.74504095
4495,0.7450548
4496,0.74506086
4497,0.7450748
4498,0.7450761
4499,0.7450838
4500,0.7450879
4501,0.7450952
4502,0.7451483
4503,0.745154
4504,0.74516106
4505,0.7451644
4506,0.7451721
4507,0.74517775
4508,0.74519944
4509,0.7452097
4510,0.74521095
4511,0.7452111
4512,0.7452367
4513,0.7452411
4514,0.7452447
4515,0.74525493
4516,0.7452732
4517,0.74528307
4518,0.74528414
4519,0.74529254
4520,0.7453053
4521,0.74533284
4522,0.74534225
4523,0.7453474
4524,0.7453477
4525,0.7453647
4526,0.7453694
4527,0.74538887
4528,0.7453906
4529,0.74539554
4530,0.7454189
4531,0.74542224
4532,0.7454466
4533,0.74545264
4534,0.74546325
4535,0.7454762
4536,0.7454902
4537,0.74549115
4538,0.7455076
4539,0.7455109
4540,0.7455157
4541,0.7455178
4542,0.7455187
4543,0.7455408
4544,0.7455566
4545,0.7455653
4546,0.745575
4547,0.74557555
4548,0.74558216
4549,0.74559206
4550,0.74559706
4551,0.74561095
4552,0.74561477
4553,0.7456157
4554,0.74563193
4555,0.74563336
4556,0.74567634
4557,0.74567854
4558,0.745689
4559,0.7456971
4560,0.74571687
4561,0.7457234
4562,0.7457261
4563,0.745731
4564,0.74573314
4565,0.7457568
4566,0.74575824
4567,0.74577904
4568,0.7457792
4569,0.7458377
4570,0.7458463
4571,0.7458617
4572,0.7458718
4573,0.7458768
4574,0.74590224
4575,0.74590945
4576,0.74590963
4577,0.7459288
4578,0.74593645
4579,0.74594057
4580,0.74597275
4581,0.7459761
4582,0.74597734
4583,0.7459774
4584,0.7459873
4585,0.7459899
4586,0.7460331
4587,0.7460691
4588,0.7460905
4589,0.74609464
4590,0.74609977
4591,0.7461049
4592,0.746111
4593,0.7461123
4594,0.74612606
4595,0.74613947
4596,0.7461426
4597,0.7461458
4598,0.74616045
4599,0.74616957
4600,0.74617076
4601,0.7461812
4602,0.7461948
4603,0.7461984
4604,0.7462027
4605,0.7462036
4606,0.7462047
4607,0.7462116
4608,0.7462317
4609,0.74623173
4610,0.7462489
4611,0.74625075
4612,0.7462598
4613,0.74626213
4614,0.7462624
4615,0.74626434
4616,0.7462679
4617,0.7462722
4618,0.7462802
4619,0.7462838
4620,0.74630886
4621,0.74631906
4622,0.74633634
4623,0.74634373
4624,0.7463578
4625,0.74636215
4626,0.74637645
4627,0.7463787
4628,0.74639887
4629,0.74640137
4630,0.7464136
4631,0.7464145
4632,0.7464156
4633,0.74645245
4634,0.7464536
4635,0.7464576
4636,0.7464581
4637,0.7464588
4638,0.74646276
4639,0.7464656
4640,0.7464776
4641,0.74648553
4642,0.7464963
4643,0.746514
4644,0.74651957
4645,0.7465276
4646,0.7465382
4647,0.74654055
4648,0.7465499
4649,0.74657434
4650,0.74657863
4651,0.74660254
4652,0.7466081
4653,0.74663514
4654,0.7466508
4655,0.7466537
4656,0.7466568
4657,0.7466842
4658,0.7466863
4659,0.74670196
4660,0.7467169
4661,0.7467255
4662,0.746741
4663,0.7467574
4664,0.7467674
4665,0.7467689
4666,0.7467788
4667,0.74679106
4668,0.74679494
4669,0.7468076
4670,0.74682933
4671,0.7468318
4672,0.7468333
4673,0.74683684
4674,0.746842
4675,0.7468474
4676,0.7468571
4677,0.74685824
4678,0.7468798
4679,0.7468825
4680,0.74689794
4681,0.74691176
4682,0.74692506
4683,0.74693763
4684,0.74695295
4685,0.7469597
4686,0.74698794
4687,0.74699676
4688,0.7470362
4689,0.7470414
4690,0.7470528
4691,0.74707186
4692,0.7470755
4693,0.74707747
4694,0.74708164
4695,0.7470849
4696,0.74709535
4697,0.74709857
4698,0.74710286
4699,0.74711853
4700,0.7471232
4701,0.7471472
4702,0.7471632
4703,0.74716705
4704,0.7471916
4705,0.7472041
4706,0.7472129
4707,0.7472148
4708,0.7472525
4709,0.74725556
4710,0.74726313
4711,0.7472755
4712,0.7472818
4713,0.7473693
4714,0.7473737
4715,0.7473826
4716,0.7473863
4717,0.7473877
4718,0.74739444
4719,0.7474338
4720,0.74744236
4721,0.74744874
4722,0.7474516
4723,0.7474585
4724,0.74746567
4725,0.7474803
4726,0.7474917
4727,0.74749273
4728,0.7474978
4729,0.7475173
4730,0.74752206
4731,0.7475353
4732,0.7475427
4733,0.7475428
4734,0.7475431
4735,0.7475798
4736,0.7475813
4737,0.7475857
4738,0.74761534
4739,0.74762124
4740,0.74763006
4741,0.7476364
4742,0.747639
4743,0.7476589
4744,0.7476886
4745,0.74769217
4746,0.7476982
4747,0.7477408
4748,0.74775183
4749,0.7477553
4750,0.7477718
4751,0.74777204
4752,0.74777836
4753,0.7477815
4754,0.7477966
4755,0.74782866
4756,0.74783534
4757,0.7478766
4758,0.747878
4759,0.7479064
4760,0.7479269
4761,0.74794793
4762,0.74795187
4763,0.7479585
4764,0.74797344
4765,0.747976
4766,0.7479816
4767,0.74798244
4768,0.7479882
4769,0.7480019
4770,0.74800456
4771,0.74800855
4772,0.7480116
4773,0.748022
4774,0.74802876
4775,0.74803907
4776,0.7480578
4777,0.74805915
4778,0.74806374
4779,0.7480661
4780,0.74808156
4781,0.7480843
4782,0.7481024
4783,0.7481164
4784,0.7481167
4785,0.7481188
4786,0.7481287
4787,0.7481321
4788,0.7481389
4789,0.74814403
4790,0.7481684
4791,0.7481722
4792,0.7481807
4793,0.74818707
4794,0.7482262
4795,0.74825543
4796,0.7482644
4797,0.7482883
4798,0.74828976
4799,0.7482935
4800,0.7482978
4801,0.7483013
4802,0.7483263
4803,0.74832845
4804,0.7483442
4805,0.74836415
4806,0.7483714
4807,0.7483787
4808,0.7483852
4809,0.74842244
4810,0.7484227
4811,0.7484309
4812,0.7484474
4813,0.74844867
4814,0.7484497
4815,0.74846697
4816,0.7484781
4817,0.7484903
4818,0.7485101
4819,0.74851346
4820,0.7485143
4821,0.7485176
4822,0.7485184
4823,0.7485219
4824,0.7485301
4825,0.7485668
4826,0.74857205
4827,0.7485763
4828,0.74857736
4829,0.7485914
4830,0.74860096
4831,0.7486018
4832,0.7486032
4833,0.748652
4834,0.74865335
4835,0.748659
4836,0.7486865
4837,0.74869317
4838,0.7486933
4839,0.7486941
4840,0.748699
4841,0.74869937
4842,0.74870384
4843,0.74871427
4844,0.7487298
4845,0.74873537
4846,0.7487364
4847,0.7487426
4848,0.7487858
4849,0.74878895
4850,0.7487931
4851,0.74881107
4852,0.74882495
4853,0.748831
4854,0.7488393
4855,0.748859
4856,0.7488756
4857,0.74890155
4858,0.7489123
4859,0.74895126
4860,0.74897504
4861,0.74899054
4862,0.74899197
4863,0.7490018
4864,0.7490188
4865,0.7490294
4866,0.7490337
4867,0.7490376
4868,0.7490446
4869,0.74905604
4870,0.7490584
4871,0.74910253
4872,0.74910724
4873,0.74911046
4874,0.7491126
4875,0.7491472
4876,0.74920714
4877,0.7492236
4878,0.74923676
4879,0.74924666
4880,0.74926144
4881,0.749268
4882,0.74927956
4883,0.7492998
4884,0.74934375
4885,0.74934393
4886,0.7493467
4887,0.74934906
4888,0.7493598
4889,0.7493654
4890,0.7493708
4891,0.74938375
4892,0.74941224
4893,0.7494218
4894,0.74942887
4895,0.7494415
4896,0.74944293
4897,0.7494492
4898,0.7494709
4899,0.7494931
4900,0.74951786
4901,0.74952406
4902,0.74952906
4903,0.7495617
4904,0.7495724
4905,0.7495778
4906,0.749587
4907,0.7495936
4908,0.7496151
4909,0.74961716
4910,0.74963784
4911,0.7496391
4912,0.7496502
4913,0.74965453
4914,0.74966586
4915,0.74966633
4916,0.7496699
4917,0.7496984
4918,0.7497054
4919,0.7497225
4920,0.7497257
4921,0.7497272
4922,0.74973285
4923,0.74974525
4924,0.74975955
4925,0.7497708
4926,0.74980384
4927,0.74980855
4928,0.74981564
4929,0.74981815
4930,0.74982125
4931,0.7498241
4932,0.7498357
4933,0.74983984
4934,0.7498597
4935,0.7499013
4936,0.7499031
4937,0.7499057
4938,0.7499232
4939,0.749932
4940,0.74993485
4941,0.7499551
4942,0.74995536
4943,0.74995655
4944,0.7499595
4945,0.749977
4946,0.74999285
4947,0.74999547
4948,0.7499995
4949,0.7500314
4950,0.75004023
4951,0.75004387
4952,0.75005305
4953,0.750056
4954,0.7500657
4955,0.75006634
4956,0.75007635
4957,0.7500882
4958,0.7500938
4959,0.7500959
4960,0.7501187
4961,0.75012
4962,0.75012237
4963,0.7501387
4964,0.75015527
4965,0.7501741
4966,0.7502026
4967,0.75020784
4968,0.75022465
4969,0.7502326
4970,0.75023395
4971,0.75023764
4972,0.75024647
4973,0.7502526
4974,0.7502687
4975,0.75027704
4976,0.750282
4977,0.75030744
4978,0.7503317
4979,0.7503337
4980,0.75033534
4981,0.7503477
4982,0.7503503
4983,0.75035137
4984,0.7503666
4985,0.75037456
4986,0.75037855
4987,0.75038254
4988,0.75038713
4989,0.75042164
4990,0.75043106
4991,0.7504338
4992,0.75043434
4993,0.7504407
4994,0.7504482
4995,0.7504522
4996,0.75046897
4997,0.7504793
4998,0.75048673
4999,0.7504946
5000,0.7504972
5001,0.7504985
5002,0.7505047
5003,0.7505218
5004,0.75052375
5005,0.75052464
5006,0.75053614
5007,0.7505597
5008,0.7505619
5009,0.75059205
5010,0.7506159
5011,0.75061935
5012,0.75063396
5013,0.7506567
5014,0.75066173
5015,0.7506751
5016,0.75067973
5017,0.7506963
5018,0.75070906
5019,0.7507358
5020,0.7507424
5021,0.7507525
5022,0.7507573
5023,0.7507944
5024,0.75080025
5025,0.7508033
5026,0.7508432
5027,0.75084454
5028,0.75084984
5029,0.75090027
5030,0.7509033
5031,0.750931
5032,0.7509359
5033,0.75098014
5034,0.7509873
5035,0.75099254
5036,0.7510149
5037,0.75106126
5038,0.7510712
5039,0.7510775
5040,0.75107926
5041,0.7510835
5042,0.75108606
5043,0.7510927
5044,0.75109553
5045,0.7510982
5046,0.75110036
5047,0.75111026
5048,0.75112706
5049,0.751128
5050,0.75112826
5051,0.7511299
5052,0.75113213
5053,0.7511329
5054,0.7511446
5055,0.75114596
5056,0.75115025
5057,0.7511515
5058,0.75115156
5059,0.7511678
5060,0.7511699
5061,0.7511975
5062,0.7512076
5063,0.7512508
5064,0.7512675
5065,0.751273
5066,0.75127345
5067,0.7512886
5068,0.7512888
5069,0.7513142
5070,0.75132626
5071,0.7513335
5072,0.75133365
5073,0.75134784
5074,0.7513923
5075,0.75140786
5076,0.7514115
5077,0.7514119
5078,0.75141734
5079,0.75145674
5080,0.75145906
5081,0.75146365
5082,0.7514912
5083,0.75149816
5084,0.75150365
5085,0.751526
5086,0.7515294
5087,0.75153345
5088,0.75155115
5089,0.7515596
5090,0.7515623
5091,0.75156796
5092,0.75157946
5093,0.7515799
5094,0.75158167
5095,0.751593
5096,0.7516274
5097,0.75163025
5098,0.75165623
5099,0.75166434
5100,0.751686
5101,0.75169504
5102,0.7517037
5103,0.75171036
5104,0.75171125
5105,0.75172305
5106,0.751742
5107,0.75174457
5108,0.75174737
5109,0.751749
5110,0.7517879
5111,0.7518013
5112,0.7518045
5113,0.75181305
5114,0.75181836
5115,0.75182444
5116,0.75182635
5117,0.75186276
5118,0.75190496
5119,0.7519642
5120,0.75197846
5121,0.75198483
5122,0.7519864
5123,0.7520098
5124,0.752014
5125,0.75201917
5126,0.75202024
5127,0.7520214
5128,0.7520283
5129,0.75204295
5130,0.7520501
5131,0.7520541
5132,0.7520766
5133,0.7520767
5134,0.7520905
5135,0.7521142
5136,0.7521268
5137,0.75213003
5138,0.75213045
5139,0.7521433
5140,0.7521487
5141,0.7521503
5142,0.7521541
5143,0.7521605
5144,0.7521635
5145,0.752173
5146,0.7521953
5147,0.75219655
5148,0.7522023
5149,0.75220424
5150,0.7522202
5151,0.7522483
5152,0.75225294
5153,0.7522556
5154,0.75225985
5155,0.75227004
5156,0.7522902
5157,0.7522903
5158,0.75229245
5159,0.7523045
5160,0.75231165
5161,0.75232476
5162,0.75233316
5163,0.75234044
5164,0.75235385
5165,0.75235975
5166,0.75237286
5167,0.752413
5168,0.75243145
5169,0.752445
5170,0.75245476
5171,0.7524758
5172,0.7525077
5173,0.7525092
5174,0.75253254
5175,0.75253844
5176,0.7525899
5177,0.7525955
5178,0.7525969
5179,0.7525974
5180,0.75260955
5181,0.75261563
5182,0.7526212
5183,0.75264674
5184,0.7526706
5185,0.75267816
5186,0.752686
5187,0.7526934
5188,0.7527307
5189,0.7527334
5190,0.75275564
5191,0.75275815
5192,0.752791
5193,0.7528168
5194,0.75284606
5195,0.7528536
5196,0.7528884
5197,0.7529082
5198,0.752936
5199,0.7529412
5200,0.7529457
5201,0.75295293
5202,0.75297976
5203,0.75298584
5204,0.75299317
5205,0.7529937
5206,0.752996
5207,0.75300545
5208,0.75301635
5209,0.7530247
5210,0.7530263
5211,0.75304407
5212,0.7530708
5213,0.7530889
5214,0.7530994
5215,0.75310445
5216,0.7531231
5217,0.7531281
5218,0.75313723
5219,0.7531392
5220,0.7531398
5221,0.75313985
5222,0.7531426
5223,0.7531556
5224,0.75316316
5225,0.7531743
5226,0.7532179
5227,0.75322574
5228,0.7532405
5229,0.75325197
5230,0.75326943
5231,0.75327206
5232,0.7532736
5233,0.7532823
5234,0.7532952
5235,0.7532963
5236,0.75332004
5237,0.75332654
5238,0.7533269
5239,0.75334454
5240,0.75337595
5241,0.75340325
5242,0.7534039
5243,0.7534044
5244,0.75343794
5245,0.75348866
5246,0.75349605
5247,0.7534983
5248,0.75349957
5249,0.7535111
5250,0.75355285
5251,0.7535562
5252,0.75356835
5253,0.75357133
5254,0.7536045
5255,0.7536112
5256,0.75362074
5257,0.75364506
5258,0.7536457
5259,0.7536605
5260,0.7536652
5261,0.7536781
5262,0.75368106
5263,0.75369835
5264,0.75374204
5265,0.753745
5266,0.7537455
5267,0.75375795
5268,0.7537628
5269,0.7537909
5270,0.75380856
5271,0.75382173
5272,0.7538263
5273,0.7538326
5274,0.75383395
5275,0.7538442
5276,0.75385207
5277,0.7538798
5278,0.7538896
5279,0.75394946
5280,0.7539649
5281,0.75398016
5282,0.7539902
5283,0.75399446
5284,0.7540229
5285,0.7540323
5286,0.75403965
5287,0.7540521
5288,0.7540564
5289,0.7540952
5290,0.7541024
5291,0.75411123
5292,0.75413203
5293,0.7541352
5294,0.754156
5295,0.75424355
5296,0.7542483
5297,0.75425816
5298,0.7543018
5299,0.7543082
5300,0.75431055
5301,0.75432694
5302,0.7543282
5303,0.7543551
5304,0.75438213
5305,0.754401
5306,0.75441194
5307,0.75441915
5308,0.75441927
5309,0.7544237
5310,0.7544681
5311,0.75447077
5312,0.7544826
5313,0.75449455
5314,0.7545092
5315,0.7545251
5316,0.75453055
5317,0.75454
5318,0.7545411
5319,0.7545719
5320,0.75457364
5321,0.7545773
5322,0.7545806
5323,0.75459296
5324,0.7545998
5325,0.7546209
5326,0.7546393
5327,0.7546396
5328,0.75466585
5329,0.7546734
5330,0.7546811
5331,0.7546952
5332,0.7547082
5333,0.75470847
5334,0.75471807
5335,0.7547196
5336,0.75473356
5337,0.7547343
5338,0.7547465
5339,0.7547632
5340,0.75481594
5341,0.754845
5342,0.75485504
5343,0.75486016
5344,0.7548603
5345,0.7548712
5346,0.75488204
5347,0.7548986
5348,0.75492984
5349,0.75495106
5350,0.75496733
5351,0.7549674
5352,0.7549714
5353,0.75499517
5354,0.7550025
5355,0.7550278
5356,0.75507987
5357,0.7551017
5358,0.75511616
5359,0.7551237
5360,0.75514734
5361,0.7551648
5362,0.75517285
5363,0.7552045
5364,0.7552176
5365,0.755218
5366,0.7552474
5367,0.75525093
5368,0.7552667
5369,0.7552778
5370,0.75530463
5371,0.755305
5372,0.7553158
5373,0.7553534
5374,0.7553653
5375,0.75540257
5376,0.7554044
5377,0.7554123
5378,0.7554283
5379,0.7554296
5380,0.75543016
5381,0.7554328
5382,0.755462
5383,0.7554743
5384,0.7555424
5385,0.75554585
5386,0.75555444
5387,0.7555618
5388,0.755604
5389,0.75560445
5390,0.7556184
5391,0.755624
5392,0.7556495
5393,0.75565565
5394,0.75566494
5395,0.7556858
5396,0.75569934
5397,0.7557331
5398,0.75573903
5399,0.75580245
5400,0.75581497
5401,0.75581604
5402,0.75582486
5403,0.7558317
5404,0.7558557
5405,0.7558671
5406,0.75587076
5407,0.7558945
5408,0.75590426
5409,0.75592333
5410,0.7559347
5411,0.7559413
5412,0.7559676
5413,0.75599396
5414,0.7560437
5415,0.75608045
5416,0.75609577
5417,0.75609803
5418,0.75610596
5419,0.7561131
5420,0.7561611
5421,0.7561628
5422,0.7561686
5423,0.75621563
5424,0.75621814
5425,0.75622386
5426,0.756231
5427,0.75623554
5428,0.75625014
5429,0.7562587
5430,0.7562982
5431,0.75637865
5432,0.7563804
5433,0.75641334
5434,0.75642544
5435,0.7564388
5436,0.75644255
5437,0.7564428
5438,0.75645995
5439,0.7564614
5440,0.75648695
5441,0.7565047
5442,0.756516
5443,0.75654584
5444,0.7565519
5445,0.75655264
5446,0.7566369
5447,0.75666034
5448,0.75670725
5449,0.75671357
5450,0.756719
5451,0.7568074
5452,0.75681716
5453,0.7568174
5454,0.7568204
5455,0.7568314
5456,0.7568347
5457,0.7568543
5458,0.7568948
5459,0.75692177
5460,0.7569336
5461,0.75697327
5462,0.75697434
5463,0.75698525
5464,0.75700325
5465,0.75701827
5466,0.7570376
5467,0.7570463
5468,0.75708556
5469,0.75710154
5470,0.7571057
5471,0.75712126
5472,0.75712496
5473,0.7571399
5474,0.7571404
5475,0.7571712
5476,0.7571729
5477,0.75717515
5478,0.7572087
5479,0.7572639
5480,0.757267
5481,0.75726724
5482,0.7573287
5483,0.75733346
5484,0.75735736
5485,0.7573637
5486,0.75737965
5487,0.75739473
5488,0.7574048
5489,0.75740904
5490,0.7574144
5491,0.7574356
5492,0.75745326
5493,0.75750875
5494,0.7575104
5495,0.75752723
5496,0.7575273
5497,0.75753075
5498,0.7575833
5499,0.75759715
5500,0.75763744
5501,0.75765896
5502,0.7576687
5503,0.757698
5504,0.75770676
5505,0.75773233
5506,0.7577398
5507,0.75776327
5508,0.75776607
5509,0.75776875
5510,0.7577717
5511,0.7578042
5512,0.75788414
5513,0.7578969
5514,0.7579114
5515,0.75794923
5516,0.75795215
5517,0.75796175
5518,0.75797385
5519,0.75797504
5520,0.7579801
5521,0.7580392
5522,0.7580444
5523,0.75806075
5524,0.7580636
5525,0.75811845
5526,0.75812745
5527,0.7581478
5528,0.75815594
5529,0.7581802
5530,0.75818074
5531,0.7582058
5532,0.7582325
5533,0.75823677
5534,0.75826925
5535,0.7582817
5536,0.75828826
5537,0.7583194
5538,0.75834566
5539,0.7583986
5540,0.7584005
5541,0.7584148
5542,0.75841606
5543,0.7584247
5544,0.75844175
5545,0.7584437
5546,0.758452
5547,0.7584772
5548,0.7584779
5549,0.7584862
5550,0.75848734
5551,0.75854844
5552,0.75856304
5553,0.7585718
5554,0.7585739
5555,0.7585968
5556,0.7586145
5557,0.75861883
5558,0.75871396
5559,0.75871676
5560,0.7587813
5561,0.7588053
5562,0.7588178
5563,0.7588209
5564,0.7588677
5565,0.7588729
5566,0.7588824
5567,0.7589121
5568,0.7589272
5569,0.7589507
5570,0.7589869
5571,0.75900626
5572,0.75902414
5573,0.7590667
5574,0.759122
5575,0.75914186
5576,0.75914246
5577,0.75916123
5578,0.7591708
5579,0.75921935
5580,0.75923216
5581,0.75924206
5582,0.75925344
5583,0.7592545
5584,0.7592747
5585,0.7593066
5586,0.759307
5587,0.7593651
5588,0.75937325
5589,0.7593864
5590,0.75943226
5591,0.75945395
5592,0.7594655
5593,0.7594665
5594,0.75946736
5595,0.75947446
5596,0.75949943
5597,0.7595035
5598,0.7595588
5599,0.7595968
5600,0.7596082
5601,0.75960916
5602,0.7596909
5603,0.7596962
5604,0.75970334
5605,0.7597327
5606,0.75975084
5607,0.7597689
5608,0.7597869
5609,0.75982034
5610,0.7598442
5611,0.7598835
5612,0.75990534
5613,0.75994146
5614,0.7599535
5615,0.759959
5616,0.75996643
5617,0.76008654
5618,0.7600906
5619,0.7601132
5620,0.76012874
5621,0.7601393
5622,0.76014876
5623,0.7601502
5624,0.76015216
5625,0.76016414
5626,0.760176
5627,0.7601795
5628,0.7601938
5629,0.7601985
5630,0.76020366
5631,0.7602081
5632,0.76022226
5633,0.76025456
5634,0.7602855
5635,0.76030153
5636,0.7603046
5637,0.76031685
5638,0.7603599
5639,0.7603805
5640,0.7603827
5641,0.76042795
5642,0.76043075
5643,0.7604499
5644,0.76045096
5645,0.7604757
5646,0.7604812
5647,0.76052797
5648,0.7605409
5649,0.76056457
5650,0.7606142
5651,0.7606412
5652,0.76066905
5653,0.7607576
5654,0.7607896
5655,0.76082623
5656,0.76083595
5657,0.76089585
5658,0.76089853
5659,0.7609323
5660,0.76093966
5661,0.76096714
5662,0.7609795
5663,0.7610561
5664,0.7610685
5665,0.7610894
5666,0.7611028
5667,0.7611087
5668,0.76116085
5669,0.7611704
5670,0.7612261
5671,0.7612525
5672,0.7612744
5673,0.76137835
5674,0.7613919
5675,0.7614222
5676,0.7614488
5677,0.76146364
5678,0.7614776
5679,0.76153666
5680,0.7615638
5681,0.7615932
5682,0.76167554
5683,0.76171875
5684,0.7617364
5685,0.7617419
5686,0.7617627
5687,0.7618024
5688,0.7619232
5689,0.7619273
5690,0.76192796
5691,0.76195544
5692,0.762018
5693,0.7621424
5694,0.76220846
5695,0.76222134
5696,0.7622853
5697,0.76230127
5698,0.7623065
5699,0.76231
5700,0.76236564
5701,0.7623934
5702,0.7624174
5703,0.7624353
5704,0.76252127
5705,0.7625213
5706,0.7625586
5707,0.7626386
5708,0.7626614
5709,0.7626666
5710,0.76271003
5711,0.762744
5712,0.7627528
5713,0.76275575
5714,0.76277125
5715,0.76280993
5716,0.7628806
5717,0.7629027
5718,0.76293284
5719,0.76300824
5720,0.76309955
5721,0.7631414
5722,0.7632125
5723,0.7632424
5724,0.7633895
5725,0.763409
5726,0.7634809
5727,0.76359016
5728,0.76361686
5729,0.7636386
5730,0.76365274
5731,0.76367545
5732,0.7637851
5733,0.7638086
5734,0.763816
5735,0.76384157
5736,0.76384616
5737,0.7638595
5738,0.7638936
5739,0.76392937
5740,0.7639706
5741,0.7640882
5742,0.76409405
5743,0.7641614
5744,0.76416713
5745,0.7642048
5746,0.76425695
5747,0.76429117
5748,0.76432514
5749,0.764344
5750,0.7644102
5751,0.7645356
5752,0.76459277
5753,0.76459867
5754,0.7646315
5755,0.76466566
5756,0.76472306
5757,0.7647396
5758,0.7647975
5759,0.76479787
5760,0.76481575
5761,0.7649152
5762,0.76499397
5763,0.7650242
5764,0.7650493
5765,0.7650548
5766,0.7650833
5767,0.76509273
5768,0.76512206
5769,0.7651328
5770,0.7651503
5771,0.76518035
5772,0.7653342
5773,0.7654242
5774,0.76551163
5775,0.7655272
5776,0.7655384
5777,0.7655526
5778,0.76564735
5779,0.7656777
5780,0.7657329
5781,0.76575255
5782,0.76576114
5783,0.7658347
5784,0.7658948
5785,0.7659903
5786,0.7660521
5787,0.76611984
5788,0.7662876
5789,0.76631415
5790,0.76635385
5791,0.76639414
5792,0.7664106
5793,0.7664171
5794,0.7664646
5795,0.76661104
5796,0.7666189
5797,0.7666491
5798,0.76676506
5799,0.76700974
5800,0.76708496
5801,0.7670857
5802,0.7670956
5803,0.767202
5804,0.7672467
5805,0.7672658
5806,0.7673961
5807,0.7674388
5808,0.76748973
5809,0.76751894
5810,0.7675215
5811,0.7675359
5812,0.7675525
5813,0.7676034
5814,0.7676088
5815,0.7676657
5816,0.7677988
5817,0.76824605
5818,0.7683986
5819,0.7685329
5820,0.76853657
5821,0.76868504
5822,0.7686998
5823,0.7687506
5824,0.7687577
5825,0.76893127
5826,0.7689913
5827,0.7695586
5828,0.7696305
5829,0.76963466
5830,0.76974946
5831,0.77007985
5832,0.7700889
5833,0.770113
5834,0.7701277
5835,0.77024627
5836,0.7703307
5837,0.7704085
5838,0.77048963
5839,0.77074337
5840,0.7713959
5841,0.7719146
5842,0.772703
5843,0.7743497
5844,0.7745692
5845,0.7760447
5846,0.7763468
5847,0.7766598
5848,0.7782684
5849,0.7783075
5850,0.784107
5851,0.7920862
5852,0.80223095
5853,0.8036235
5854,0.8298379
5855,0.834722
5856,0.8560214
5857,0.86090183
5858,0.8701416
5859,0.88671595
5860,0.893816
5861,0.8979837
5862,0.91358536
5863,0.92235434
5864,0.92549235
5865,0.9747063
5866,0.9777342
5867,0.9833167
5868,0.9941438
5869,1.0015184
5870,1.0097803
5871,1.0116293
5872,1.0121176
5873,1.0275108
5874,1.058388
5875,1.0951282
5876,1.0976181
5877,1.1011196
5878,1.1199621
5879,1.1206934
5880,1.1240934
5881,1.1264381
5882,1.1273615
5883,1.1285301
5884,1.1310295
5885,1.1315154
5886,1.1332239
5887,1.133285
5888,1.1361319
5889,1.1383346
5890,1.1547278
5891,1.1808043
5892,1.1864624
5893,1.1888148
5894,1.195632
5895,1.1968151
5896,1.2004923
5897,1.20056
5898,1.210831
5899,1.2370045
5900,1.2425565
5901,1.2434826
5902,1.2440662
5903,1.2442675
5904,1.2443918
5905,1.2444981
5906,1.2452242
5907,1.2455567
5908,1.2475443
5909,1.2476087
5910,1.2485276
5911,1.2488737
5912,1.2493169
5913,1.249426
5914,1.2495815
5915,1.2503942
5916,1.2509755
5917,1.2515842
5918,1.2517816
5919,1.2519364
5920,1.2523843
5921,1.2526019
5922,1.2532551
5923,1.2539023
5924,1.2543005
5925,1.2552286
5926,1.2555023
5927,1.2555133
5928,1.2558706
5929,1.2562695
5930,1.2562826
5931,1.2565261
5932,1.2566411
5933,1.2570639
5934,1.2572174
5935,1.2572211
5936,1.2587665
5937,1.2590563
5938,1.2602129
5939,1.2610618
5940,1.261105
5941,1.2615604
5942,1.2622159
5943,1.2631035
5944,1.2633561
5945,1.2647886
5946,1.2665466
5947,1.2667753
5948,1.2670871
5949,1.2680889
5950,1.2690153
5951,1.269139
5952,1.2699673
5953,1.2710282
5954,1.2745512
5955,1.2752212
5956,1.2760345
5957,1.276476
5958,1.3003823
5959,1.3014264
5960,1.3015118
5961,1.3030757
5962,1.3037395
5963,1.3041555
5964,1.308601
5965,1.3111384
5966,1.3139979
5967,1.3147978
5968,1.3172169
5969,1.3177983
5970,1.321235
5971,1.3246355
5972,1.3262384
5973,1.3273656
5974,1.3499131
5975,1.3614826
5976,1.3637156
5977,1.3677768
5978,1.3696357
5979,1.3716459
5980,1.3756714
5981,1.3791159
5982,1.3847779
5983,1.3869054
5984,1.3875533
5985,1.3889759
5986,1.3929758
5987,1.410093
5988,1.4166689
5989,1.4403518
5990,1.4437766
5991,1.449932
5992,1.5076977
5993,1.5081036
5994,1.5084363
5995,1.5161533
5996,1.5489142
5997,1.5687585
5998,1.5703099
5999,1.573374
6000,1.5857421
6001,1.6182379
6002,1.6255492
6003,1.626226
6004,1.6266662
6005,1.6305821
6006,1.6335213
6007,1.6530378
6008,1.6740596
6009,1.6822975
6010,1.6954798
6011,1.7066566
6012,1.7424812
6013,1.7777398
6014,1.7844335
6015,1.792333
6016,1.800951
6017,1.8048631
6018,1.8067034
6019,1.814739
6020,1.8174925
6021,1.851368
6022,1.8903706
6023,1.9154726
6024,1.9158012
6025,1.917077
6026,1.9693117
6027,1.9923159
6028,2.0003605
6029,2.0103645
6030,2.0117812
6031,2.0488575
6032,2.055335
6033,2.0585446
6034,2.0631843
6035,2.0636368
6036,2.0661223
6037,2.085601
6038,2.092868
6039,2.098742
6040,2.1098044
6041,2.1145191
6042,2.116642
6043,2.129799
6044,2.130788
6045,2.1357932
6046,2.1817956
6047,2.1855497
6048,2.190466
6049,2.1911037
6050,2.1951673
6051,2.2144458
6052,2.2238662
6053,2.2346613
6054,2.2469985
6055,2.2489564
6056,2.2529562
6057,2.2530906
6058,2.2697756
6059,2.289433
6060,2.3033347
6061,2.3838403
6062,2.428349
6063,2.4583366
6064,2.4732318
6065,2.580309
6066,2.6302955
6067,2.6363597
6068,2.717264
6069,2.7243538
6070,2.7461987
6071,2.77258
6072,2.7997255
6073,2.8512747
6074,2.8523645
6075,2.8835428
6076,2.8947234
6077,2.8964896
6078,2.9019382
6079,2.938117
6080,3.2230477
6081,3.249283
6082,3.2609038
6083,3.5475872
6084,3.6419234
6085,3.7533011
6086,4.053382
6087,4.075814
6088,4.1901
6089,4.3088017
6090,4.3971095
6091,4.431822
6092,4.9788404
6093,5.206118
6094,5.459096
6095,5.5191703
6096,7.0518255
6097,7.0641336
6098,7.3692894
6099,7.4137306
6100,7.5298324
6101,7.827341
6102,7.9279113
6103,8.348379
6104,8.414645
6105,8.552688
6106,8.589628
6107,8.7609625
6108,9.522626
6109,9.820234
6110,10.05654
6111,11.040386
6112,11.2817
6113,11.469644
6114,11.550176
6115,12.936659
6116,13.481887
6117,13.526248
6118,13.750115
6119,14.1885395
6120,14.524193
6121,14.626305
6122,14.860766
6123,15.218234
6124,15.38712
6125,16.757689
6126,17.32932
6127,18.209162
6128,18.743444
6129,19.666779
6130,19.671358
6131,20.134418
6132,20.543167
6133,22.276142
6134,23.440485
6135,24.059177
6136,25.170872
6137,25.729765
6138,28.559881
6139,29.410564
6140,30.12042
6141,30.65837
6142,31.184921
6143,32.18502
6144,32.356415
6145,32.546013
6146,33.073544
6147,33.131336
6148,34.838478
6149,34.885777
6150,35.190197
6151,36.47738
6152,36.560966
6153,36.974937
6154,39.293285
6155,39.637478
6156,41.10962
6157,41.808174
6158,42.273083
6159,43.58476
6160,43.974888
6161,45.198475
6162,45.2516
6163,46.444748
6164,47.571915
6165,48.743736
6166,51.398457
6167,52.13566
6168,52.771797
6169,58.21469
6170,58.404114
6171,60.863045
6172,61.88258
6173,64.23275
6174,65.334526
6175,65.945526
6176,66.970924
6177,67.04569
6178,68.84602
6179,73.329475
6180,73.633514
6181,74.57188
6182,75.19775
6183,77.67667
6184,78.349556
6185,78.42857
6186,78.50484
6187,78.9228
6188,80.109024
6189,80.4241
6190,84.725464
6191,85.536255
6192,90.5803
6193,92.223656
6194,92.66668
6195,93.56343
6196,96.699135
6197,96.7728
6198,96.97585
6199,97.26522
6200,98.38998
6201,101.51628
6202,110.33167
6203,116.41426
6204,117.03353
6205,126.708725
6206,127.51478
6207,128.54884
6208,130.44304
6209,131.48793
6210,135.87953
6211,141.05978
6212,149.38335
6213,149.94705
6214,150.28098
6215,158.41512
6216,161.44589
6217,168.525
6218,168.53383
6219,172.3339
6220,177.7002
6221,189.67221
6222,197.8029
6223,199.8744
6224,200.0247
6225,209.67012
6226,214.30444
6227,229.98442
6228,259.75876
6229,333.39664
